source,target,relation
Traveler,The Outlander Who Caught the Wind,participates_in
The Outlander Who Caught the Wind,Wanderer's Trail,includes
The Outlander Who Caught the Wind,Teyvat,occurs_in
Traveler,Teyvat,from
Traveler,twin sibling,has
Traveler,unknown entity,opposes
unknown entity,Traveler's twin sibling,opposes
Traveler,Paimon,knows
Paimon,Traveler,knows
Traveler,The Seven,knows
Traveler,Stormterror Incident,participates_in
Stormterror Incident,Starfell Lake,occurs_in
Traveler,green dragon,knows
Traveler,stranger,knows
stranger,green dragon,opposes
Traveler,crimson blood colored teardrop crystal,has
Traveler,Amber,knows
Amber,Knights of Favonius,member_of
Traveler,Stormterror,knows
Stormterror,rampaging,has_attribute
Traveler,Kaeya,knows
Kaeya,Knights of Favonius,member_of
Kaeya,Cavalry Captain,plays_role
Traveler,Jean,knows
Jean,Acting Grandmaster,plays_role
Traveler,Lisa,knows
Lisa,Knights' Librarian,plays_role
The Outlander Who Caught the Wind,Mondstadt,occurs_in
Adventure Rank,Progression System,has_attribute
Adventure Rank,Genshin Impact,from
Player,Adventure Rank,has
World Level,Ascension Quest,has_attribute
Adventure Rank,60,has_attribute
World Level,9,has_attribute
Player,Rewards,has
Rewards,Adventurers' Guild,from
Player,Adventure Rank,has
Adventure Rank,Adventure EXP,has_attribute
Adventure EXP,Quests,from
Adventure EXP,Chests,from
Adventure EXP,Adventurer Handbook,from
Adventure EXP,Original Resin,from
Adventure EXP,Mora,has_attribute
Player,Adventure Rank Ascension Quest,participates_in
Adventure Rank Ascension Quest,25,has_attribute
Adventure Rank Ascension Quest,35,has_attribute
Adventure Rank Ascension Quest,45,has_attribute
Adventure Rank Ascension Quest,50,has_attribute
Player,Adventure Rank,has
Adventure Rank,60,has_attribute
Player,Adventure EXP,has
Player,Adventure Rank,has
World Level,Enemies,has_attribute
World Level,Normal Bosses,has_attribute
World Level,Ley Line Outcrops,has_attribute
Andrius,Weekly Boss,has_attribute
Player,Ascension Quest,participates_in
Player,World Level Ascension,participates_in
World Level Ascension,9,has_attribute
Co-Op Mode,World Level,has_attribute
World Level,3,has_attribute
Profile,World Level,has_attribute
Ley Line Blossoms,World Level,has_attribute
World Level,24 hours,has_attribute
Co-Op Mode,World Level,has_attribute
Adventure Rank,Game Systems,has_attribute
Characters,Ascension,has_attribute
Weapons,Ascension,has_attribute
Character Ascension Phases,Adventure Rank,has_attribute
Weapon Ascension Phases,Adventure Rank,has_attribute
Quests,Adventure Rank,has_attribute
Adventurers' Guild Rewards,Katheryne,from
Katheryne,Adventurers' Guild,member_of
Adventure Rank,Adventure EXP,has_attribute
Song of the Dragon and Freedom,Quest,plays_role
Song of the Dragon and Freedom,Prologue,includes
Prologue,Chapter,plays_role
Song of the Dragon and Freedom,Act III,plays_role
Song of the Dragon and Freedom,For a Tomorrow Without Tears,after
Song of the Dragon and Freedom,Of the Land Amidst Monoliths,before
Diluc,Abyss Order,knows
Venti,The Seven,member_of
Dvalin,ancient ruins,occurs_in
Traveler,Teardrop Crystal,has
Hilichurls,Stormterror's Lair,occurs_in
Abyss Order,Traveler,opposes
Decarabian,Anemo Archon,plays_role
Venti,Anemo power,has_attribute
Abyss Order,Dvalin,opposes
Dvalin,Venti,knows
Hilichurls,Mondstadt,occurs_in
Kaeya,Abyss Order,opposes
Abyss Order,single leader,has_attribute
Traveler,Dvalin incident,participates_in
Amber,Holy Lyre der Himmel,knows
Traveler,Holy Lyre der Himmel incident,participates_in
Barbara,deaconess,plays_role
Venti,Gnosis,has
Signora,Fatui,member_of
Fatui Agents,Traveler,opposes
Jean,Traveler,knows
Traveler,Jean,knows
Jean,Venti,knows
Traveler,Venti,knows
Venti,Signora,knows
Venti,Tsaritsa,knows
Venti,Geo Archon,knows
Signora,Eleven Fatui Harbingers,member_of
Eleven Fatui Harbingers,Snezhnaya,from
Tsaritsa,Archon,has_attribute
Tsaritsa,Snezhnaya,from
Geo Archon,Archon,has_attribute
Meeting with Venti,Windrise,occurs_in
Rite of Descension,Liyue,occurs_in
Traveler,Meeting with Venti,participates_in
Jean,Meeting with Venti,participates_in
Venti,Meeting with Venti,participates_in
Traveler,Childe,knows
Childe,Liyue Qixing,knows
Liyue Qixing,Rex's body,has
Paimon,The Seven,knows
Childe,The Seven,knows
Childe,Traveler,knows
"Farewell, Archaic Lord",Act II,plays_role
"Farewell, Archaic Lord",Chapter I,includes
"Farewell, Archaic Lord",Liyue,occurs_in
"Farewell, Archaic Lord",A New Star Approaches,after
Traveler,Jueyun Karst,from
Traveler,"Farewell, Archaic Lord",participates_in
Paimon,"Farewell, Archaic Lord",participates_in
Traveler,Childe,knows
Paimon,Childe,knows
Childe,Adepti,knows
Liyue Qixing,Exuvia,has
Childe,Zhongli,knows
Zhongli,Wangsheng Funeral Parlor,member_of
Zhongli,Rex Lapis,knows
Zhongli,Noctilucous Jade,has
Zhongli,Childe,from
Traveler,Zhongli,knows
Paimon,Zhongli,knows
Zhongli,Pyro affinity,has_attribute
Traveler,Dadaupa Gorge,from
Shitou,Jade,has
Traveler,Shitou,knows
Zhongli,Shitou,knows
Paimon,Shitou,knows
Zhongli,Bolai,knows
Bolai,Silk Flowers,has
Traveler,Bolai,knows
Traveler,Ying'er,knows
Zhongli,Madame Ping,knows
Madame Ping,Cleansing Bell,has
Traveler,Madame Ping,knows
Paimon,Madame Ping,knows
Zhongli,Granny Shan,knows
Granny Shan,Kites,has
Childe,Mora,has
Traveler,Tic,knows
Traveler,Tac,knows
Traveler,Toe,knows
Zhongli,Qiqi,knows
Qiqi,Bubu Pharmacy,member_of
Traveler,Qiqi,knows
Zhongli,Guizhong Ballista,knows
Guizhong Ballista,Mt. Tianheng,occurs_in
Treasure Hoarders,Traveler,opposes
Treasure Hoarders,Zhongli,opposes
Baizhu,Qiqi,knows
Traveler,Everlasting Incense,has
Childe,mora,has
Childe,Ekaterina,knows
Qixing,Exuvia,has
Exuvia,Golden House,occurs_in
Zhongli,Traveler,knows
Zhongli,Third-Round Knockout,occurs_in
Iron Tongue Tian,Ningguang,knows
Ganyu,Ningguang,knows
Ganyu,Traveler,knows
Ningguang,Jade Chamber,has
Zhongli,Dihua Marsh,occurs_in
Traveler,Rite of Descension,participates_in
Zhongli,Geo Archon,plays_role
Zhongli,Northland Bank,occurs_in
Signora,Northland Bank,occurs_in
Childe,Northland Bank,occurs_in
Zhongli,Signora,knows
Zhongli,Childe,knows
Zhongli,Rite of Descension,participates_in
Zhongli,Tsaritsa,knows
Zhongli,Gnosis,has
Signora,Gnosis,has
Traveler,Rite of Parting,participates_in
Traveler,Osial,knows
Fatui,Liyue,opposes
Keqing,Traveler,knows
Traveler,Keqing,knows
Traveler,Zhongli,knows
Zhongli,Traveler,knows
Inazuma,sealed,has_attribute
Baal,Archon,plays_role
Baal,Inazuma,from
Baal,Vision Hunt Decree,has
Bough Keeper: Dainsleif,prologue,plays_role
Bough Keeper: Dainsleif,Archon Quest Chapter I: Act IV - We Will Be Reunited,before
Katheryne,City of Mondstadt,occurs_in
Traveler,Bough Keeper: Dainsleif,participates_in
Paimon,Bough Keeper: Dainsleif,participates_in
Dainsleif,Bough Keeper: Dainsleif,participates_in
Katheryne (Mondstadt),Bough Keeper: Dainsleif,participates_in
Charles,Bough Keeper: Dainsleif,participates_in
Wagner,Bough Keeper: Dainsleif,participates_in
Lawrence,Bough Keeper: Dainsleif,participates_in
Bough Keeper: Dainsleif,Mondstadt,occurs_in
A New Star Approaches,Bough Keeper: Dainsleif,before
The Fond Farewell,Bough Keeper: Dainsleif,after
Involuntary Sacrifice,Bough Keeper: Dainsleif,after
Abyssal Traces,Bough Keeper: Dainsleif,includes
Traveler,We Will Be Reunited,participates_in
We Will Be Reunited,Quest,plays_role
We Will Be Reunited,Chapter I,includes
We Will Be Reunited,Act IV,includes
We Will Be Reunited,A New Star Approaches,after
We Will Be Reunited,"Autumn Winds, Scarlet Leaves",before
We Will Be Reunited,Bough Keeper: Dainsleif,after
We Will Be Reunited,Lupus Minor Chapter: Act I - The Meaning of Lupical,after
Traveler,Paimon,knows
Traveler,Dainsleif,knows
Traveler,Ganyu,knows
Traveler,Lan,knows
Ganyu,Liyue Qixing,member_of
Lan,Liyue Qixing,member_of
Treasure Hoarders,Abyss Order,opposes
Traveler,Abyss Order heist investigation,participates_in
Abyss Order heist investigation,Liyue,occurs_in
Defiled Statue,inverted,has_attribute
Abyss Herald,Abyss Order,member_of
Traveler,Abyss Herald,opposes
Dainsleif,Abyss Order,opposes
Khaenri'ah,no gods,has_attribute
Ruin Guards,Khaenri'ah,from
Abyss Mages,Abyss Order,member_of
Traveler,Abyss Mages,opposes
Osial,Liyue Qixing,opposes
Osial,Adepti,opposes
Traveler,Barbara,knows
Traveler,Rosaria,knows
Abyss Order,Wolvendom,opposes
Traveler,Boreas,knows
Abyss Herald,Boreas,opposes
Traveler,Abyss Herald,opposes
Field Tiller,Stormterror's Lair,occurs_in
Dainsleif,Field Tiller's eye,has
Abyss Order,Dainsleif,opposes
Traveler,Dainsleif,knows
Sibling,Dainsleif,knows
Dainsleif,Twilight Sword,plays_role
Dainsleif,Khaenri'ah,from
Dainsleif,Immortality,has_attribute
Sibling,Abyss Order,member_of
Sibling,Destiny,opposes
Herald,Portal,has
Sibling,Abyss Order,participates_in
Traveler,Abyss Order,participates_in
Paimon,Traveler,knows
Traveler,Paimon,knows
Razor,Story Quest,plays_role
Traveler,Lupus Minor Chapter,participates_in
Paimon,Lupus Minor Chapter,participates_in
Lupus Minor Chapter,Wolvendom,occurs_in
Traveler,Razor,knows
Paimon,Razor,knows
Razor,Wolf Pack,member_of
Traveler,Raw Meat,has
Razor,Raw Meat,has
Traveler,Amber,knows
Amber,Mondstadt,occurs_in
Wolf attacks,Drunkard Gorge,occurs_in
Wolf attacks,Springvale,occurs_in
Wolfhook,Wolvendom,from
Amber,Razor,knows
Razor,Amber,knows
Black Wolf,Outside Wolvendom,from
Black Wolf,Razor,opposes
Traveler,Wolfhook seeds,has
Boreas,Wolvendom,occurs_in
Boreas,Outsiders,opposes
Razor,Boreas,opposes
Traveler,Boreas,opposes
Razor,Human,member_of
Razor,Foreign wolf pack,opposes
Amber,Mondstadt,occurs_in
Razor,Main Character,plays_role
Traveler,The Meaning of Lupical,participates_in
Paimon,The Meaning of Lupical,participates_in
Amber,The Meaning of Lupical,participates_in
Boreas,The Meaning of Lupical,participates_in
The Meaning of Lupical,Mondstadt,occurs_in
The Meaning of Lupical,Wolvendom,occurs_in
The Meaning of Lupical,Springvale,occurs_in
The Meaning of Lupical,Drunkard Gorge,occurs_in
The Meaning of Lupical,Investigating wolf attacks,includes
The Meaning of Lupical,Finding injured wolf,includes
The Meaning of Lupical,Confronting Boreas,includes
Traveler,Razor,knows
Traveler,Paimon,knows
Traveler,Amber,knows
Traveler,Boreas,knows
Razor,Wolf Pack,member_of
Boreas,Black Wolf,opposes
The Meaning of Lupical,Prologue: Act III - Song of the Dragon and Freedom,after
The Meaning of Lupical,"Lepus Chapter: Act I - Wind, Courage, and Wings",after
Razor,Lack of social skills,has_attribute
Traveler,Raw Meat,has
Razor,Wolfhook Seeds,has
"Autumn Winds, Scarlet Leaves",Prologue,plays_role
"Autumn Winds, Scarlet Leaves",Chapter II,includes
"Autumn Winds, Scarlet Leaves",We Will Be Reunited,after
"Autumn Winds, Scarlet Leaves",The Immovable God and the Eternal Euthymia,before
Traveler,Liyue Harbor,occurs_in
Traveler,Paimon,knows
Traveler,Sibling,knows
Traveler,Abyss Order,opposes
Traveler,Unknown God,opposes
Traveler,Atsuko,knows
Atsuko,Inazuma,from
Inazuma,strict isolationist policies,has_attribute
Traveler,Beidou,knows
Beidou,The Crux,member_of
Alcor,The Crux Fleet,member_of
Alcor,Guyun Stone Forest,occurs_in
Beidou,Ningguang,knows
Beidou,Kazuha,knows
Kazuha,The Crux Fleet,member_of
Traveler,The Crux Clash,participates_in
The Crux Clash,Vision-less martial arts tournament,has_attribute
Masterless Vision,Kazuha,from
Traveler,The Crux Clash,participates_in
Traveler,Zhuhan,knows
Zhuhan,The Crux,member_of
Traveler,ancient god,opposes
Traveler,Jinyou,opposes
Traveler,Rongshi,opposes
Traveler,Kazuha,knows
Traveler,Slimes,opposes
Kazuha,Electro Archon,knows
Fei the Flyer,Culprit,plays_role
Fei the Flyer,Treasure Hoarders,member_of
Fei the Flyer,Tournament,participates_in
Fei the Flyer,Vision,has
Traveler,Fei the Flyer,opposes
Traveler,Rongshi,opposes
Kazuha,Fei the Flyer,opposes
Kazuha,Vision,has
Raiden Shogun,Vision Hunt Decree,has_attribute
Kazuha's Friend,Raiden Shogun,opposes
Kazuha,Traveler,knows
Kazuha,Paimon,knows
Kazuha,Beidou,knows
Kazuha,Ningguang,knows
Beidou,The Crux,member_of
Ningguang,Beidou,knows
Traveler,Tournament,participates_in
Kazuha,Tournament,participates_in
"Autumn Winds, Scarlet Leaves",Liyue,occurs_in
Alcor,Liyue,from
Traveler,The Immovable God and the Eternal Euthymia,participates_in
Paimon,The Immovable God and the Eternal Euthymia,participates_in
The Immovable God and the Eternal Euthymia,Archon Quest,plays_role
The Immovable God and the Eternal Euthymia,Chapter II,includes
The Immovable God and the Eternal Euthymia,"Autumn Winds, Scarlet Leaves",after
The Immovable God and the Eternal Euthymia,"Stillness, the Sublimation of Shadow",before
Traveler,Paimon,knows
Traveler,Beidou,knows
Traveler,Katheryne,knows
Traveler,Thoma,knows
Traveler,Kazuha,knows
Traveler,Kurisu,knows
Traveler,Werner,knows
Traveler,Keijirou,knows
Traveler,Harrison,knows
Traveler,Katsuie,knows
Traveler,Kamisato Ayaka,knows
Traveler,Hiiragi Shinsuke,knows
Traveler,Miss Hirai,knows
Traveler,Kujou Kamaji,knows
The Immovable God and the Eternal Euthymia,Inazuma,occurs_in
Katheryne,Liyue's guild branch,member_of
Beidou,Sea Drake,knows
Thoma,Beidou,knows
Kazuha,Alcor,member_of
Sakoku Decree,Inazuma,occurs_in
International Trade Association,Inazuma,occurs_in
Kurisu,International Trade Association,member_of
Werner,Mondstadt,from
Keijirou,Kurisu,opposes
Katsuie,Kanjou Commission,member_of
Thoma,Yashiro Commission,member_of
Kamisato Ayaka,Kamisato Clan,member_of
Vision Hunt Decree,Inazuma,occurs_in
Hiiragi Shinsuke,Kanjou Commission,member_of
Kujou Kamaji,Tenryou Commission,member_of
Crystal Marrow,item,has_attribute
Mora,currency,has_attribute
Traveler,Meeting with Thoma,participates_in
Thoma,Traveler,knows
Thoma,Kamisato Clan,member_of
Meeting with Thoma,Ritou,occurs_in
Thoma,Guide,plays_role
Traveler,Visiting Statue of the Omnipresent God,participates_in
Statue of the Omnipresent God,Inazuma City,occurs_in
Statue of the Omnipresent God,Under Construction,has_attribute
Raiden Shogun,Declared Vision Hunt Decree,has_attribute
Statue of the Omnipresent God,Seized Visions,has
Traveler,Meeting with Ayaka,participates_in
Ayaka,Kamisato Clan,member_of
Meeting with Ayaka,Kamisato Residence,occurs_in
Traveler,Helping Visionless Individuals,participates_in
Tejima,Konda Village,from
Tejima,Visionless Samurai,has_attribute
Traveler,Investigating Kurosawa Kyounosuke,participates_in
Kurosawa Kyounosuke,Visionless Samurai,has_attribute
Kurosawa Kyounosuke,Tenryou Commission,member_of
Investigating Kurosawa Kyounosuke,Inazuma City,occurs_in
Traveler,Treasure Hoarders,opposes
Treasure Hoarders,Stolen Rations,has
Kurosawa Kyounosuke,Aoi,knows
Aoi,Tsukumomono Groceries,from
Traveler,Helping Domon,participates_in
Domon,Visionless Swordmaster,has_attribute
Domon,Anzai,knows
Anzai,Former Disciple,plays_role
Helping Domon,Inazuma City,occurs_in
Inagi Hotomi,Maiden,plays_role
Inagi Hotomi,Demon,opposes
Domon,Possessed,has_attribute
Lady Yae,Unusual Case,knows
Traveler,Lady Yae,knows
Yae,Domon's Possession,opposes
Vision,Immense Aspirations,has_attribute
Domon,Vision,has
Domon,Maniacal,has_attribute
Anzai,Domon,knows
Anzai,Passed Aspirations,has_attribute
Domon,Anzai,knows
Disciples,Domon,knows
Yae,Traveler,knows
Paimon,Ayaka,knows
Ayaka,Traveler,knows
Ayaka,Former Vision Bearers,knows
Traveler,Former Vision Bearers,knows
Resistance,Creating Fake Visions,has_attribute
Master Masakatsu,Arrested,has_attribute
Ayaka,Master Masakatsu,knows
Ayaka,Traveler,knows
Traveler,Naganohara Fireworks,knows
Tenryou Commission,Vision Bearer,has
Yoimiya,Vision Bearer,knows
Yoimiya,Fireworks,has_attribute
Yoimiya,Masakatsu,knows
Yoimiya,Ayaka,knows
Traveler,Yoimiya,knows
Traveler,Police Station,knows
Yoimiya,Police Station,knows
Traveler,Masakatsu,knows
Yoimiya,Masakatsu,knows
Kujou Sara,Masakatsu,knows
Kujou Sara,Yoimiya,knows
Yoimiya,Gift,has_attribute
Kujou Sara,Traveler,knows
Yoimiya,Traveler,knows
Masakatsu,Traveler,knows
Traveler,Ayaka,knows
Paimon,Ayaka,knows
Thoma,Tenryou Commission,knows
Tenryou Commission,Ceremony,participates_in
Ayaka,Hot Pot Game,participates_in
"Stillness, the Sublimation of Shadow",Act II,plays_role
"Stillness, the Sublimation of Shadow",Chapter II,member_of
"Stillness, the Sublimation of Shadow",The Immovable God and the Eternal Euthymia,after
Omnipresence Over Mortals,"Stillness, the Sublimation of Shadow",after
"Stillness, the Sublimation of Shadow",Archon Quest,has_attribute
Traveler,"Stillness, the Sublimation of Shadow",participates_in
Paimon,"Stillness, the Sublimation of Shadow",participates_in
Kamisato Ayaka,"Stillness, the Sublimation of Shadow",participates_in
Thoma,"Stillness, the Sublimation of Shadow",participates_in
Raiden Shogun,"Stillness, the Sublimation of Shadow",participates_in
Teppei,"Stillness, the Sublimation of Shadow",participates_in
Gorou,"Stillness, the Sublimation of Shadow",participates_in
Kujou Sara,"Stillness, the Sublimation of Shadow",participates_in
Sangonomiya Kokomi,"Stillness, the Sublimation of Shadow",participates_in
Beidou,"Stillness, the Sublimation of Shadow",participates_in
Kaedehara Kazuha,"Stillness, the Sublimation of Shadow",participates_in
"Stillness, the Sublimation of Shadow",Inazuma,occurs_in
"Stillness, the Sublimation of Shadow",Komore Teahouse,occurs_in
"Stillness, the Sublimation of Shadow",Statue of the Omnipresent God,occurs_in
"Stillness, the Sublimation of Shadow",Watatsumi Island,occurs_in
Traveler,Paimon,knows
Traveler,Kamisato Ayaka,knows
Traveler,Thoma,knows
Traveler,Raiden Shogun,opposes
Watatsumi Army,Shogun's Army,opposes
Traveler,Teppei,knows
Traveler,Gorou,knows
Traveler,Sangonomiya Kokomi,knows
Traveler,Beidou,knows
Traveler,Kaedehara Kazuha,knows
Grus Nivis Chapter: Act I - The Whispers of the Crane and the White Rabbit,"Stillness, the Sublimation of Shadow",before
Carassius Auratus Chapter: Act I - Dreamlike Timelessness,"Stillness, the Sublimation of Shadow",before
Kamisato Ayaka,Story Quest,has_attribute
Grus Nivis Chapter,Story Quest,plays_role
Kamisato Ayaka,Quest Chapter,plays_role
Traveler,Kamisato Ayaka,knows
Kamisato Ayaka,Traveler,knows
Kamisato Ayaka,Tsubaki,knows
Kamisato Ayaka,Kimono,has
Ogura Mio,Ogura Textiles & Kimonos,from
Ogura Mio,Kamisato Ayaka,knows
Sakoku Decree,Impact on Silk Trade,has_attribute
Liyue,High-quality Silk,has_attribute
Kamisato Ayaka,Ogura Mio,knows
Traveler,Ogura Mio,knows
Ritouso,International Trade Association,has_attribute
Kurisu,International Trade Association,member_of
Kurisu,Kamisato Ayaka,knows
Kurisu,Traveler,knows
Kanjou Commission,Authority,has_attribute
Kamisato Ayaka,Ronin,opposes
Ronin,Stolen Silk,has
Kamisato Ayaka,Silk,has
Ogura Mio,Silk,has
Traveler,Paimon,knows
Paimon,Kamisato Ayaka,knows
Kiminami Anna,Kiminami Restaurant,from
Kamisato Ayaka,Kiminami Anna,knows
Traveler,Kiminami Anna,knows
Paimon,Kiminami Anna,knows
Traveler,Culinary Skills,has_attribute
Mushroom Pizza,Dish,has_attribute
Kamisato Ayaka,Tsubaki,knows
Tsubaki,Fox Envoy,plays_role
Tenshukaku,Location,has_attribute
Kamisato Ayaka,Mother,knows
Tsubaki,Mother,plays_role
Traveler,White Heron Hairpiece,has
Traveler,Amakane Island Festival,participates_in
Paimon,Amakane Island Festival,participates_in
Ayaka,Amakane Island Festival,participates_in
Amakane Island Festival,Amakane Island,occurs_in
Ayaka,Sudden appearance,has_attribute
Merchants,Amakane Island Festival,participates_in
Ayaka,Traveler,knows
Traveler,Ayaka,knows
Traveler,Reunite with their sibling,has_attribute
Ayaka,Dance,performs
Dance,Way back to Kamisato Residence,occurs_in
Kamisato Ayaka,Quest,has_attribute
Grus Nivis,The Whispers of the Crane and the White Rabbit,includes
The Whispers of the Crane and the White Rabbit,Grus Nivis,member_of
Traveler,The Whispers of the Crane and the White Rabbit,participates_in
The Whispers of the Crane and the White Rabbit,Inazuma,occurs_in
Kamisato Ayaka,Traveler,knows
Kamisato Ayaka,Tsubaki,knows
Traveler,Kamisato Ayaka,knows
Kamisato Ayaka,Ogura Mio,knows
Ogura Mio,Ogura Textiles & Kimonos,from
Sakoku Decree,restricting silk trade,has_attribute
Kamisato Ayaka,Kurisu,knows
Kurisu,International Trade Association,member_of
International Trade Association,Ritou,occurs_in
Silk,Liyue,from
Ronin,Kurisu,opposes
Kamisato Ayaka,Ronin,opposes
Kamisato Ayaka,Kiminami Anna,knows
Kiminami Anna,Kiminami Restaurant,from
Traveler,Paimon,knows
Kamisato Ayaka,Paimon,knows
Mushroom Pizza,easy to make,has_attribute
Traveler,recipe for Mushroom Pizza,has
Kiminami Anna,recipe for Mushroom Pizza,has
Tsubaki,fox envoy,has_attribute
Traveler,white heron hairpiece,has
Chapter II: Act I - The Immovable God and the Eternal Euthymia,The Whispers of the Crane and the White Rabbit,before
Traveler,Ayaka's Story Quest,participates_in
Paimon,Ayaka's Story Quest,participates_in
Ayaka,Ayaka's Story Quest,participates_in
Tsubaki,Ayaka's Mother,knows
Ayaka's Mother,Tsubaki,plays_role
Ayaka,Tsubaki,knows
Notebook,Tsubaki,from
Box,Notebook,has
Ayaka's Story Quest,Inazuma,occurs_in
Ayaka's Story Quest,Tenshukaku,occurs_in
Ayaka's Story Quest,Amakane Island,occurs_in
Ayaka,Kamisato Clan,member_of
Ayaka,Yashiro Commission,member_of
Traveler,Ayaka,knows
Paimon,Ayaka,knows
Yoimiya,Story Quest,has_attribute
Carassius Auratus Chapter,Story Quest,plays_role
Yoimiya,Character,plays_role
Traveler,Carassius Auratus Chapter,participates_in
Paimon,Carassius Auratus Chapter,participates_in
Carassius Auratus Chapter,Inazuma City,occurs_in
Traveler,Paimon,knows
Yoimiya,Traveler,knows
Yoimiya,Paimon,knows
Ryuunosuke,Yoimiya's Father,plays_role
Ryuunosuke,Inazuma,from
Sakujirou,Inazuma,from
Tenryou Commission,Sakujirou,opposes
Yoimiya,Sakujirou,knows
Kouichi,Yoimiya,knows
Sakoku Decree,Law,has_attribute
Kouichi,Traveler,knows
Imatani Couple,Konda Village,from
Yoimiya,Imatani Couple,knows
Satoru,Konda Village,from
Keisuke,Tenryou Commission,member_of
Keisuke,Sakujirou,knows
Yoshitaka,Tenryou Commission,member_of
Yoimiya,Yoshitaka,opposes
Keisuke,Sakujirou,knows
Keisuke,Yoimiya,knows
Yoimiya,Traveler,knows
Yoimiya,Sakujirou,knows
Sakujirou,Inazuma,from
Traveler,Firework Show,participates_in
Yoimiya,Firework Show,participates_in
Sakujirou,Firework Show,participates_in
Firework Show,Amakane Island,occurs_in
Yoimiya,Naganohara Ryuunosuke,knows
Yoimiya,Inazuma,from
Traveler,Paimon,knows
Traveler,Yoimiya,knows
Paimon,Yoimiya,knows
Yoimiya,Desire to travel,has_attribute
Traveler,Rtawahist,knows
Yoimiya,Meteor Shower,knows
Traveler,Sumeru,knows
Rtawahist,Sumeru,from
Traveler,Yoimiya,knows
Yoimiya,Akademiya,knows
Akademiya,Sumeru City,occurs_in
Yoimiya,Aranara,knows
Fayez,Aranara Carvings,has
Yoimiya,Aranara Carvings,has
Paimon,Azar,knows
Paimon,Layla,knows
Paimon,Alhaitham,knows
Nahida,Meteor Shower,knows
Nahida,Aranara,knows
Yoimiya,Avin,knows
Avin,Sumeru,from
Yoimiya,Traveler,knows
Yoimiya,Paimon,knows
Traveler,Meteor Shower Wish Quest,participates_in
Paimon,Meteor Shower Wish Quest,participates_in
Yoimiya,Meteor Shower Wish Quest,participates_in
Meteor Shower Wish Quest,Sumeru,occurs_in
Yoimiya,Ahangar,knows
Ahangar,Sumeru City,from
Urstone,legendary,has_attribute
Farid,Corps of Thirty,member_of
Niousha,Avin,knows
Avin,ill,has_attribute
Traveler,Hilichurls,opposes
Avin,Arashani,knows
Arashani,Aranara,has_attribute
Traveler,Arapurva,knows
Arapurva,Aranara,has_attribute
Yoimiya,Arapurva,knows
Arapurva,Arashani,knows
Mawtiyima Forest,Sumeru,occurs_in
Avin,Arapurva,knows
Yoimiya,Lens,has
Niousha,Inazuma,from
Traveler,Port Ormos,from
Yoimiya,Aranara Carving,has
Yoimiya,Story Quest,has_attribute
Carassius Auratus,Dreamlike Timelessness,includes
Dreamlike Timelessness,Act I,plays_role
Traveler,Dreamlike Timelessness,participates_in
Dreamlike Timelessness,Inazuma,occurs_in
Traveler,Yoimiya,knows
Traveler,Paimon,knows
Paimon,Yoimiya,knows
Traveler,Sakujirou,knows
Yoimiya,Sakujirou,knows
Sakujirou,Inazuma,from
Tenryou Commission,Sakujirou,opposes
Yoimiya,Kouichi,knows
Traveler,Kouichi,knows
Kouichi,Sakujirou,knows
Yoimiya,Ryuunosuke,knows
Ryuunosuke,deaf,has_attribute
Traveler,Ryuunosuke,knows
Yoimiya,Imatani couple,knows
Traveler,Imatani couple,knows
Imatani Couple,Satoru,knows
Yoimiya,Satoru,knows
Traveler,Satoru,knows
Imatani Couple,Keisuke,knows
Keisuke,Tenryou Commission,member_of
Yoimiya,Keisuke,knows
Sakujirou,Keisuke,knows
Traveler,Yoshitaka,knows
Yoimiya,Yoshitaka,knows
Yoshitaka,Tenryou Commission,member_of
Yoimiya,Enemies,opposes
Yoimiya,Keisuke,knows
Yoimiya,Sakujirou,knows
Keisuke,Sakujirou,knows
Yoimiya,Duel,participates_in
Keisuke,Duel,participates_in
Yoshitaka,Keisuke,knows
Keisuke,Yoimiya,knows
Sakujirou,Inazuma,from
Keisuke,Sakujirou,knows
Yoimiya,Traveler,knows
Yoimiya,Firework,knows
Keisuke,Firework,has
Sakujirou,Order Slip,has
Traveler,Golden Firework,has
Firework Show,Amakane Island,occurs_in
Yoimiya,Firework Show,participates_in
Traveler,Firework Show,participates_in
Sakujirou,Firework Show,participates_in
Omnipresence Over Mortals,Act III,plays_role
Omnipresence Over Mortals,Chapter II,includes
Omnipresence Over Mortals,Archon Quests,includes
"Stillness, the Sublimation of Shadow",Omnipresence Over Mortals,before
Requiem of the Echoing Depths,Omnipresence Over Mortals,after
Omnipresence Over Mortals,Adventure Rank 30,has_attribute
Teppei,Traveler,knows
Teppei,Sangonomiya Kokomi,knows
Traveler,Meeting with Sangonomiya Kokomi,participates_in
Meeting with Sangonomiya Kokomi,Watatsumi Island,occurs_in
Sangonomiya Kokomi,Resistance,member_of
Sangonomiya Kokomi,Inazuma Shogunate,opposes
Vision Hunt Decree,Inazuma,occurs_in
Tenryou Commission,Inazuma Shogunate,member_of
Raiden Shogun,Inazuma Shogunate,member_of
Traveler,Swordfish II,member_of
Swordfish II,Resistance,member_of
Teppei,Swordfish II,participates_in
Fort Mumei,Watatsumi Island,occurs_in
Bourou Village,Watatsumi Island,occurs_in
Teppei,Special Operations Unit,has
Tatarigami,Watatsumi Island,occurs_in
Orobashi,God of Watatsumi Island,has_attribute
Ei,Orobashi,opposes
Archon War,Teyvat,occurs_in
Narukami Island,Inazuma,occurs_in
Watatsumi Island,Inazuma,occurs_in
Gorou,Resistance,member_of
Delusion,Fatui,from
Fatui,Resistance,opposes
Teppei,Delusion,has
Traveler,Fatui,opposes
Crystal Marrow,Kanjou Commission,from
Nathan,Fatui,member_of
The Balladeer,Eleven Fatui Harbingers,member_of
Yae Miko,Traveler,knows
Grand Narukami Shrine,Narukami Island,occurs_in
Ei,Raiden Shogun,plays_role
Plane of Euthymia,Inazuma,occurs_in
Traveler,Ei,knows
Yae Miko,Ei,knows
Yae Miko,Kujou Sara,knows
Yae Miko,Tenryou Commission,opposes
Kujou Sara,Tenryou Commission,member_of
Kujou Takayuki,Kujou Clan,member_of
Traveler,Kamisato Ayaka,knows
Traveler,Thoma,knows
Yoimiya,Traveler,knows
Sayu,Shuumatsuban,member_of
Sayu,Infiltration of Tenryou Commission,participates_in
Kujou Sara,Kujou Takayuki,knows
Signora,Fatui,member_of
Signora,Tenshukaku,occurs_in
Shogun,Tenshukaku,occurs_in
Traveler,Signora,opposes
Shogun,Musou no Hitotachi,has
Gorou,Resistance,member_of
Kaedehara Kazuha,Resistance,member_of
Kaedehara Kazuha,Vision,has
Kaedehara Kazuha,Shogun,opposes
Traveler,Shogun,opposes
Ei,Fatui,knows
Ei,Visions,opposes
Yae Miko,Ei,knows
Makoto,Ei,knows
Traveler,Ei,opposes
Yae Miko,Traveler,knows
Yae Miko,The Balladeer,knows
The Balladeer,Electro Gnosis,has
The Balladeer,Fatui,member_of
Ei,The Balladeer,knows
Traveler,lack of a Vision,has_attribute
Lesser Lord Kusanali,Traveler's lack of Vision,knows
Sages,Traveler's lack of Vision,knows
Miko,Traveler's lack of Vision,knows
Miko,Traveler,knows
Traveler,not yet found an ambition strong enough,has_attribute
Requiem of the Echoing Depths,Traveler's Quest,includes
Requiem of the Echoing Depths,Act,plays_role
Requiem of the Echoing Depths,Chapter II,member_of
Requiem of the Echoing Depths,Archon Quests,member_of
Traveler,Requiem of the Echoing Depths,participates_in
Dainsleif,Requiem of the Echoing Depths,participates_in
Requiem of the Echoing Depths,The Chasm,occurs_in
Traveler,Paimon,knows
Traveler,Dainsleif,knows
Traveler,Yuehui,knows
Paimon,Traveler,knows
Paimon,Dainsleif,knows
Dainsleif,Traveler,knows
Dainsleif,Paimon,knows
Dainsleif,Halfdan,knows
Dainsleif,Twilight Sword,has_attribute
Dainsleif,Khaenri'ah's Royal Guard,member_of
Traveler's Sibling,Traveler,opposes
Abyss Order,Dainsleif,opposes
Abyss Order,Traveler,opposes
Black Serpent Knights,Abyss Order,member_of
Abyss Herald,Abyss Order,member_of
Abyss Lector,Abyss Order,member_of
Halfdan,Khaenri'ah's Royal Guard,member_of
Halfdan,Black Serpent Knights,member_of
Inteyvat,Khaenri'ah,from
Requiem of the Echoing Depths,Omnipresence Over Mortals,after
Requiem of the Echoing Depths,Through Mists of Smoke and Forests Dark,before
Traveler,Through Mists of Smoke and Forests Dark,participates_in
Paimon,Through Mists of Smoke and Forests Dark,participates_in
Through Mists of Smoke and Forests Dark,Sumeru,occurs_in
Through Mists of Smoke and Forests Dark,Archon Quest,plays_role
Through Mists of Smoke and Forests Dark,Chapter III,includes
Through Mists of Smoke and Forests Dark,Requiem of the Echoing Depths,after
Through Mists of Smoke and Forests Dark,The Morn a Thousand Roses Brings,before
Traveler,Paimon,knows
Traveler,Teyvat,from
Traveler,Vision,has_attribute
Dendro Archon,Sumeru,from
Cinnabar Cliff,The Chasm,occurs_in
Haypasia,Sumeru,from
Gandharva Ville,Sumeru,occurs_in
Tighnari,Forest Rangers,member_of
Collei,Forest Rangers,member_of
Greater Lord Rukkhadevata,Dendro Archon,plays_role
Lesser Lord Kusanali,Dendro Archon,plays_role
Lesser Lord Kusanali,Sumeru City,occurs_in
Sanctuary of Surasthana,Sumeru City,occurs_in
Collei,Amber,knows
Collei,Mondstadt,occurs_in
Amber,Mondstadt,from
Traveler,Stormterror incident,participates_in
Paimon,Stormterror incident,participates_in
Stormterror incident,Mondstadt,occurs_in
Collei,Eleazar,has_attribute
The Doctor,Eleven Fatui Harbingers,member_of
Withering Zone,Sumeru,occurs_in
Irminsul,Sumeru,occurs_in
Aranara,Irminsul,knows
Haypasia,Irminsul,knows
Dusk Bird,Haypasia,from
Abyss Herald,Traveler,opposes
Traveler,Search for Lesser Lord Kusanali,participates_in
Paimon,Search for Lesser Lord Kusanali,participates_in
Haypasia,Aranara,knows
Haypasia,Genius,has_attribute
Sumeru Akademiya,Researchers,has_attribute
Researchers,Sumeru Akademiya,from
Researchers,Irminsul research,participates_in
Khaje,Sumeru Akademiya,member_of
Khaje,Tighnari,knows
Khaje,Naphis,knows
Tighnari,Rohawi,knows
Tighnari,Naphis,knows
Traveler,Rohawi,knows
Paimon,Rohawi,knows
Traveler,Akasha Terminal,has
Paimon,Akasha Terminal,has
Traveler,Katheryne,knows
Paimon,Katheryne,knows
Traveler,Asfand,knows
Paimon,Asfand,knows
Asfand,Corps of Thirty,member_of
Traveler,Dunyarzad,knows
Paimon,Dunyarzad,knows
Dunyarzad,Dehya,knows
Dunyarzad,Nilou,knows
Dehya,Dunyarzad,knows
Dehya,Traveler,knows
Dehya,Paimon,knows
Nilou,Sabzeruz Festival,participates_in
Nilou,Dancer,plays_role
Sabzeruz Festival,Dance of Sabzeruz,includes
Azar,Sumeru Akademiya,member_of
Azar,Grand Sage,has_attribute
Traveler,Alhaitham,knows
Paimon,Alhaitham,knows
Alhaitham,Sumeru Akademiya,member_of
Traveler,Dori,knows
Paimon,Dori,knows
Alhaitham,Dori,knows
Mizri,Ayn Al-Ahmar,member_of
Mizri,Divine Knowledge Capsule,has
Ayn Al-Ahmar,Sumeru Akademiya,opposes
Mizri,Akasha Terminal,has
Matra,Mizri,knows
Alhaitham,Traveler,knows
Alhaitham,Divine Knowledge Capsule,has
Traveler,Vision,has
Mizri,Insane,has_attribute
Researchers,Insane,has_attribute
Researchers,Irminsul,knows
Alhaitham,Lesser Lord Kusanali,knows
Traveler,Lesser Lord Kusanali,knows
Traveler,Sabzeruz Festival,participates_in
Paimon,Sabzeruz Festival,participates_in
Sabzeruz Festival,Sumeru City,occurs_in
Alhaitham,Divine Knowledge Capsule,knows
Alhaitham,Sages,knows
Traveler,The Morn a Thousand Roses Brings,participates_in
Paimon,The Morn a Thousand Roses Brings,participates_in
The Morn a Thousand Roses Brings,Sumeru,occurs_in
The Morn a Thousand Roses Brings,Sabzeruz Festival,includes
Dunyarzad,The Morn a Thousand Roses Brings,participates_in
Dehya,The Morn a Thousand Roses Brings,participates_in
Nilou,The Morn a Thousand Roses Brings,participates_in
Azar,The Morn a Thousand Roses Brings,participates_in
Setaria,The Morn a Thousand Roses Brings,participates_in
Nahida,The Morn a Thousand Roses Brings,participates_in
The Morn a Thousand Roses Brings,Through Mists of Smoke and Forests Dark,after
The Morn a Thousand Roses Brings,Archon Quest,has_attribute
The Morn a Thousand Roses Brings,Chapter III,has_attribute
The Morn a Thousand Roses Brings,Act II,has_attribute
Traveler,Paimon,knows
Traveler,Dunyarzad,knows
Traveler,Dehya,knows
Traveler,Nilou,knows
Traveler,Azar,knows
Traveler,Setaria,knows
Traveler,Nahida,knows
Dunyarzad,Eleazar,has_attribute
Dehya,greatsword,has
Azar,Sabzeruz Festival,opposes
The Morn a Thousand Roses Brings,Grand Bazaar,occurs_in
The Morn a Thousand Roses Brings,Port Ormos,occurs_in
The Morn a Thousand Roses Brings,Vihar's venue,occurs_in
The Morn a Thousand Roses Brings,Lambad's Tavern,occurs_in
The Morn a Thousand Roses Brings,Bimarstan,occurs_in
Sumeru Akademiya,Sumeru,occurs_in
Traveler,Canned Knowledge,has
Traveler,Akasha,knows
Dehya,Akasha,knows
Akasha,extracting information,has_attribute
Akasha,"creating a single, massive brain",has_attribute
Traveler,Akasha Terminal,has
Dehya,Akasha Terminal,has
Nahida,Akasha Terminal,has
Samsara,Sumeru,occurs_in
Dehya,greatsword,has
Traveler,Samsara,knows
Nahida,Samsara,knows
Dehya,Samsara,knows
Traveler,leaving the city,participates_in
Nahida,Traveler's plan,knows
Akasha,compiling wisdom,has_attribute
Akasha,stealing dreams,has_attribute
Sages,Akasha,knows
Samsara,putting consciousnesses into a collective dream,has_attribute
Sabzeruz Festival,Sumeru,occurs_in
Nahida,Lesser Lord Kusanali,plays_role
Dunyarzad,consciousness disappeared,has_attribute
Nahida,Dunyarzad,knows
Traveler,Dunyarzad,knows
Paimon,Dunyarzad,knows
Nahida,how to break the samsara,knows
Traveler,Vihar,knows
Vihar,Dunyarzad,knows
Traveler,Dehya,knows
Dehya,Eremites,opposes
Traveler,Eremites,opposes
Dunyarzad,forgotten something,has_attribute
Paimon,Dunyarzad,knows
Paimon,Dunyarzad's room,occurs_in
Dunyarzad,diary,has
Diary,research on Lesser Lord Kusanali,has_attribute
Traveler,Dunyarzad,knows
Paimon,Dunyarzad,knows
Traveler,Dance of Sabzeruz,participates_in
Paimon,Dance of Sabzeruz,participates_in
Azar,Nilou,opposes
Setaria,Nilou,opposes
Traveler,Azar,opposes
Traveler,Setaria,opposes
Azar,puppet,has_attribute
Setaria,puppet,has_attribute
Nilou,dream host,has_attribute
Padisarahs,Nabu Malikata,from
Traveler,Nilou,knows
Nilou,dreamer,plays_role
Nilou,Dance of Sabzeruz,participates_in
Dunyarzad,Dance of Sabzeruz,participates_in
Dunyarzad,Bimarstan,occurs_in
Katheryne,Bimarstan,occurs_in
Nahida,Katheryne,plays_role
Nahida,Dunyarzad,knows
Nahida,Dunyarzad's consciousness,has
Akasha,Nahida,opposes
Traveler,Nahida,knows
Paimon,Nahida,knows
Nahida,tired,has_attribute
Akasha,unable to host event,has_attribute
Katheryne,Traveler,knows
Katheryne,Paimon,knows
"Dreams, Emptiness, Deception",Act III,plays_role
"Dreams, Emptiness, Deception",Chapter III,includes
"Dreams, Emptiness, Deception",Sumeru,occurs_in
"Dreams, Emptiness, Deception",The Morn a Thousand Roses Brings,after
Traveler,"Dreams, Emptiness, Deception",participates_in
Paimon,"Dreams, Emptiness, Deception",participates_in
Nahida,"Dreams, Emptiness, Deception",participates_in
Katheryne,"Dreams, Emptiness, Deception",participates_in
Dunyarzad,recovering,has_attribute
Irminsul,withering,has_attribute
Alhaitham,Traveler,knows
Setaria,Nahida,knows
Setaria,desert,from
Azar,Setaria,knows
Nabiya,Nahida,knows
Akim,Nahida,knows
Qishna,Nahida,knows
Traveler,King Deshret believer,plays_role
King Deshret,resurrection misinformation,has_attribute
Akademiya,King Deshret,opposes
Setaria,Rima,knows
Rima,Nahida,knows
Setaria,guilt,has_attribute
Eleven Fatui Harbingers,Il Dottore,member_of
Setaria,expelled outcast,knows
Traveler,Nahida,knows
Il Dottore,Setaria,opposes
Traveler,Tighnari,knows
Traveler,Paimon,knows
Tashfin,Traveler,opposes
Collei,Traveler,knows
Collei,Eleazar,has_attribute
Tighnari,Collei,knows
Tighnari,Pardis Dhyai,from
Nahida,Il Dottore,opposes
Traveler,Haypasia,knows
Haypasia,Scaramouche,knows
Corps of Thirty,Traveler,opposes
Traveler,Helping Nahida,participates_in
Nahida,Assassins,opposes
Nahida,Stabbed,has_attribute
Traveler,Scaramouche,knows
Scaramouche,Becoming a god,plays_role
Sanctuary of Surasthana,Scaramouche's ascension,occurs_in
Traveler,Paimon,knows
Paimon,Defeating assassins,participates_in
Nahida,Helping Traveler escape,plays_role
Doctor,Nahida,opposes
Nahida,Captured,has_attribute
Tighnari,Nahida's message,knows
Traveler,Eremites,knows
Traveler,Great Red Sand,knows
Tighnari,Haypasia,knows
Haypasia,Aaru Village,from
Traveler,Caravan Ribat,knows
Traveler,Wall of Samiel,knows
Traveler,Alhaitham,knows
Alhaitham,Capsule,knows
Traveler,Aaru Village,knows
Traveler,Eremites,opposes
Traveler,Cyno,knows
Cyno,General Mahamatra,plays_role
Cyno,Divine Knowledge Capsule,has
Traveler,Dehya,knows
Dehya,Mediating,participates_in
Traveler,Candace,knows
Cyno,Azar,knows
Alhaitham,Tracking Traveler,participates_in
Traveler,Divine Knowledge,knows
Traveler,Sages,opposes
Traveler,Rifthounds,opposes
Dehya,Rifthounds,opposes
Traveler,Uncle Anpu,knows
Uncle Anpu,Village Chief,plays_role
Cyno,Village Keepers,knows
Traveler,Dendro Archon,knows
Traveler,Isak,knows
Candace,Isak,knows
Traveler,King Deshret and the Three Magi,participates_in
Cyno,King Deshret and the Three Magi,participates_in
King Deshret and the Three Magi,Investigation of Missing Village Keepers,includes
Traveler,Investigation of Missing Village Keepers,participates_in
Cyno,Investigation of Missing Village Keepers,participates_in
Sharkan,King Deshret's resurrection,knows
Makan,King Deshret's resurrection,knows
Sharkan,Dendro Archon,opposes
Makan,Dendro Archon,opposes
Isak,Radicals,knows
Isak,Grandpa,has_attribute
Traveler,Isak's Grandpa's House,occurs_in
Cyno,Tighnari,knows
Dehya,Caravan Ribat,occurs_in
Traveler,Caravan Ribat,occurs_in
Dehya,Wall of Samiel,opposes
Dehya,Zaki,knows
Dehya,Delavar,knows
Zaki,Delavar,knows
Engur,Ambush,occurs_in
Dehya,Ambush,participates_in
Traveler,Ambush,participates_in
Candace,Interrogation of Radicals,participates_in
Uncle Anpu,Interrogation of Radicals,participates_in
Alhaitham,Aaru Village,occurs_in
Shani,Lied,has_attribute
Shani,Shani's Home,occurs_in
Eleazar Hospital,Near Aaru Village,occurs_in
Traveler,Dar al-Shifa,occurs_in
Alhaitham,Dar al-Shifa,occurs_in
Razak,Dar al-Shifa,occurs_in
Alhaitham,Razak,knows
Akademiya,Misinformation Campaign,has_attribute
Mizri,Port Ormos,occurs_in
Cyno,Akademiya Plans,knows
Alhaitham,Mole,plays_role
Sages,Alhaitham's Conviction,knows
Alhaitham,Book detailing activities,has
Akasha,Computation Capability,has_attribute
Cyno,Investigation of Desert Headsets,participates_in
Dehya,Rahman,knows
Dehya,Rahman,opposes
Alhaitham,Dehya,knows
Alhaitham,Rahman,knows
Rahman,Dehya,knows
Rahman,Eremites,leads
Dehya,The Group,member_of
Alhaitham,The Group,member_of
Isak,The Group,member_of
Rahman,Desert Ruins Investigation,participates_in
Alhaitham,Desert Ruins Investigation,participates_in
Dehya,Desert Ruins Investigation,participates_in
Desert Ruins,Dendro Archon's Power,has_attribute
Kasala,Priest of King Deshret,plays_role
King Deshret,Forbidden Knowledge,has_attribute
Greater Lord Rukkhadevata,King Deshret,opposes
Rahman,King Deshret,knows
Morghi,Creating a New God,participates_in
Judar,Creating a New God,participates_in
Il Dottore,Creating a New God,participates_in
The Group,The Sages,opposes
The Sages,Creating a New God,participates_in
Dehya,Tighnari,knows
Cyno,Tighnari,knows
Traveler,Plan to convince Tighnari,participates_in
Paimon,Plan to convince Tighnari,participates_in
Dehya,Plan to convince Tighnari,participates_in
Cyno,Plan to convince Tighnari,participates_in
Il Dottore,Dehya,opposes
Il Dottore,Traveler,opposes
Il Dottore,Paimon,opposes
Il Dottore,Cyno,opposes
Il Dottore,Tighnari,opposes
Il Dottore,Alhaitham,opposes
Plan to find information on Dottore,Pardis Dhyai,occurs_in
Tighnari,Pardis Dhyai,from
Haypasia,Pardis Dhyai,from
Il Dottore,Fatui,member_of
Scaramouche,Godhood,has_attribute
Scaramouche,Traveler,opposes
Scaramouche,Paimon,opposes
Akademiya,Sumeru,occurs_in
Traveler,Infiltrating Azar's office,participates_in
Paimon,Infiltrating Azar's office,participates_in
Alhaitham,Infiltrating Azar's office,participates_in
Azar's office,Akademiya,occurs_in
Sanctuary of Surasthana,Sumeru,occurs_in
Jnagarbha Day,Akademiya,occurs_in
House of Daena,Akademiya,occurs_in
Azar,Akademiya,member_of
Viraf,Akademiya,member_of
Nilou,Alhaitham,knows
Traveler,Waking Nahida,participates_in
Alhaitham,Betrayer,plays_role
Nahida,Self-doubt,has_attribute
Traveler,Nahida,knows
Traveler,Breaking Barrier,participates_in
Nilou,The Plan,participates_in
Sheikh Zubayr,The Plan,knows
Nilou,Performance,participates_in
Nilou,Akademiya,occurs_in
Azar,Nilou,opposes
Alhaitham,The Plan,participates_in
Dehya,The Plan,participates_in
Eremites,The Plan,participates_in
Isak,Kusanali,plays_role
Azar,Akasha,knows
Uday,Akasha,knows
Azar,Sanctuary of Surasthana,occurs_in
Cyno,Sanctuary of Surasthana,occurs_in
Dehya,Traveler,knows
Traveler,Nahida,knows
Nahida,Akasha Control,has_attribute
Nahida,False God,opposes
Nahida,Upgraded Akasha Terminal,has
Traveler,Upgraded Akasha Terminal,has
Nahida,False God's Location,knows
Scaramouche,Fatui Facility,occurs_in
Scaramouche,Godhood,has_attribute
Nahida,Scaramouche,knows
Scaramouche,Mechanical Suit,has
Scaramouche,Traveler,opposes
Nahida,Samsara,knows
Traveler,Combat Knowledge,has
Nahida,Electro Gnosis,has
Nahida,Rukkhadevata's Memory,participates_in
Traveler,Forbidden Knowledge,knows
Rukkhadevata,Nahida,knows
Nahida,Irminsul,from
Rukkhadevata,Saving Irminsul,participates_in
Nahida,Restoring Irminsul,participates_in
Traveler,Teyvat,from
Traveler,Nahida,knows
Dottore,Nahida,knows
Dottore,Nahida,opposes
Nahida,Electro Gnosis,has
Celestia,Teyvat,from
Ei,Electro Gnosis,has_attribute
Nahida,Dendro Gnosis,has
Dottore,Traveler,knows
Dottore,Paimon,knows
Traveler,Paimon,knows
Traveler,Collei,knows
Traveler,Nilou,knows
Traveler,Cyno,knows
Nilou,Traveler,knows
Cyno,General Mahamatra,plays_role
Traveler,Tighnari,knows
Azar,Sages,member_of
Azar,Sumeru,from
Nahida,Scaramouche,opposes
Nahida,Azar,opposes
Traveler,Alhaitham,knows
Traveler,Kaveh,knows
Traveler,Dehya,knows
Traveler,Dunyarzad,knows
Dehya,Bodyguard,plays_role
Dunyarzad,Eleazar,has_attribute
Alhaitham,Akademiya,member_of
Traveler,Rahman,knows
Traveler,Setaria,knows
Setaria,Akademiya,member_of
Nahida,Setaria,knows
Nahida,Azar,knows
Nahida,Cyno,knows
Nahida,Rahman,knows
Traveler,Rukkhadevata,knows
Nahida,Dendro Archon,plays_role
Traveler,Focalors,knows
Focalors,Fontaine,from
Traveler,Sibling,knows
Sibling,Khaenri'ah,from
Fatui,classified Traveler as Teyvat's fourth Descender,has_attribute
Traveler,fourth Descender of Teyvat,has_attribute
Nahida,Traveler is Teyvat's fourth Descender,knows
Heavenly Principles,suspected first Descender of Teyvat,has_attribute
Nahida,withholding information,opposes
Nahida,helping Traveler,plays_role
"Akasha Pulses, the Kalpa Flame Rises",5 Achievements,has_attribute
Traveler,Caribert,participates_in
Caribert,Archon Quest,plays_role
Caribert,Meeting Kaeya,includes
Traveler,Meeting Kaeya,participates_in
Dainsleif,Meeting Kaeya,participates_in
Kaeya,Meeting Kaeya,participates_in
Meeting Kaeya,Sumeru,occurs_in
Caribert,Discovering Hut,includes
Traveler,Discovering Hut,participates_in
Hut,Avidya Forest,occurs_in
Traveler,Paimon,knows
Masrur,Traveler,knows
Masrur,Paimon,knows
Masrur,Port Ormos,from
Kaeya,Mondstadt,from
Kaeya,Knights of Favonius,member_of
Jean,Knights of Favonius,member_of
Kaeya,Crepus,knows
Khaenri'ah,Sumeru,occurs_in
Kaeya,Khaenri'ah,from
Dainsleif,Kaeya,knows
Alberich,Abyss Order founders,has_attribute
Kaeya,Alberich,has_attribute
Dainsleif,Investigating Ley Lines,participates_in
Traveler's Sibling,Loom of Fate,knows
Avidya Forest,Sumeru,occurs_in
Slimes,Avidya Forest,occurs_in
Traveler,Traveler's Sibling,knows
Paimon,Traveler's Sibling,knows
Traveler,Eide,knows
Eide,Khaenri'ah,from
Eide,Gods,opposes
Hilichurls,Khaenri'ah,from
Caribert,Hilichurl,has_attribute
Eide,Caribert,knows
Caribert,Mondstadt,from
Eide,Caribert,has
Traveler,Caribert,knows
Medicine,Sumeru,from
Traveler,Medicine Creation,participates_in
Eide,Medicine Creation,participates_in
Medicine,Sumeru Rose,includes
Medicine,Kalpalata Lotus,includes
Caribert,Scarf,has
Hilichurls,Prayer,participates_in
Prayer,Sanctuary,occurs_in
Traveler,Abyss Being,opposes
Abyss Being,Sanctuary,occurs_in
Defiled Statue,Sanctuary,occurs_in
Eide,Chlothar Alberich,knows
Chlothar Alberich,Eide,plays_role
Traveler,Chlothar Alberich,knows
Chlothar Alberich,Caribert,has
Caribert,Abyss Power,has_attribute
Traveler,Dainsleif,knows
Traveler,Paimon,knows
Chlothar,Founder of the Abyss Order,plays_role
Chlothar,Abyss Order,member_of
Dainsleif,Traveler,knows
Traveler,Paimon,knows
Traveler,Vision,has
Traveler,Prelude of Blancheur and Noirceur,participates_in
Paimon,Prelude of Blancheur and Noirceur,participates_in
Prelude of Blancheur and Noirceur,Freeing Nahida,includes
Nahida,Sumeru Akademiya,from
Traveler,Dehya,knows
Paimon,Dehya,knows
Dehya,Fontaine,from
Traveler,Lyney,knows
Paimon,Lyney,knows
Traveler,Lynette,knows
Paimon,Lynette,knows
Traveler,Furina,knows
Paimon,Furina,knows
Lyney,Performer,plays_role
Lynette,Performer,plays_role
Furina,Hydro Archon,plays_role
Neuvillette,Court of Fontaine,member_of
Oratrice Mecanique d'Analyse Cardinale,Court of Fontaine,member_of
Clorinde,Furina's Entourage,member_of
Prelude of Blancheur and Noirceur,Fontaine,occurs_in
Court of Fontaine,Fontaine,occurs_in
Caravan Ribat,Sumeru,occurs_in
Romaritime Harbor,Fontaine,occurs_in
Hydro Archon,unable to absolve Fontaine's sins,has_attribute
Fontaine,rising water levels,has_attribute
Magic Pockets,helps people transport belongings,has_attribute
Traveler,giving Magic Pockets to people,participates_in
Lyney,preparing people for worst-case scenario,participates_in
Traveler,gathering Romaritime Flowers,participates_in
Traveler,catching a thief,participates_in
Lyney,returning stolen items,participates_in
Lyney,injured,has_attribute
Traveler,taking aquabus,participates_in
Charlotte,taking aquabus,participates_in
Charlotte,Traveler,knows
Charlotte,Paimon,knows
Charlotte,Lyney,knows
Charlotte,Lynette,knows
Charlotte,discussing disappearances,participates_in
Charlotte,interview,participates_in
Traveler,visiting Lyney and Lynette's home,participates_in
Freminet,Lyney and Lynette's household,member_of
Freminet,collecting materials for Magic Pockets,participates_in
Hydro Dragon,causes rain when weeping,has_attribute
Lyney,finishing business,participates_in
Freminet,introverted,has_attribute
Traveler,taking supplies to Beaumont Workshop,participates_in
Estelle,Beaumont Workshop,member_of
Lyney,paying Estelle in advance,participates_in
Indemnitium,powers Estelle's machine,has_attribute
Truand,Confrerie of Cabriere,member_of
Childe,Eleven Fatui Harbingers,member_of
Childe,Northland Bank,member_of
Childe,Delusion,has
Childe,sparring with Champion Duelists,participates_in
Clorinde,Champion Duelist,plays_role
Traveler,Childe's Vision,has
Traveler,visiting Fountain of Lucine,participates_in
Lyney,Cowell,knows
Traveler,Lyney,knows
Traveler,Paimon,knows
Traveler,Neuvillette,knows
Traveler,Furina,knows
Traveler,Lynette,knows
Traveler,Esmond,knows
Traveler,Navia,knows
Traveler,Silver,knows
Traveler,Melus,knows
Lyney,Performer,plays_role
Lynette,Assistant,plays_role
Neuvillette,Chief Justice,plays_role
Furina,Prosecutor,plays_role
Traveler,Defense Attorney,plays_role
Opera House,Magic Show,occurs_in
Opera House,Trial,occurs_in
Cowell,Props,has
Traveler,Tickets,has
Lyney,House of the Hearth,member_of
Lynette,House of the Hearth,member_of
Lyney,Fatui,member_of
Lynette,Fatui,member_of
Navia,Spina di Rosula,member_of
Silver,Spina di Rosula,member_of
Melus,Spina di Rosula,member_of
Magic Show,Disappearance,includes
Magic Show,Death of Cowell,includes
Trial,Magic Show,after
Lyney,Investigation of the Oratrice's Core,participates_in
Lyney,Heard a voice,has_attribute
Lyney,Smashed Vase,knows
Lyney,Scattered Clothes,knows
Traveler,Trial,participates_in
Cowell,Bag,has
Cowell's Bag,Water from Primordial Sea,has
Cowell,Organization selling illegal drugs,member_of
Lyney,Innocent,has_attribute
Vaughn,Water from Primordial Sea,has
Liliane,Halsey,plays_role
Liliane,Thief,plays_role
Traveler,Liliane,opposes
Lyney,Liliane,opposes
Liliane,Theft of Ticket,participates_in
Liliane,Magic Show,participates_in
Fortress of Meropide,Prison,has_attribute
Lyney,Orphan,has_attribute
Lynette,Orphan,has_attribute
Lyney,House of the Hearth,member_of
Lynette,House of the Hearth,member_of
Lyney,Knave,knows
Lynette,Knave,knows
Knave,Arlecchino,plays_role
Arlecchino,Hydro Gnosis,has
Arlecchino,Snezhnaya,from
Traveler,Farewell Meal,participates_in
Paimon,Farewell Meal,participates_in
Navia,Farewell Meal,participates_in
Farewell Meal,Hotel Debord,occurs_in
Traveler,As Light Rain Falls Without Reason,participates_in
As Light Rain Falls Without Reason,Chapter IV,includes
As Light Rain Falls Without Reason,Prelude of Blancheur and Noirceur,after
To the Stars Shining in the Depths,As Light Rain Falls Without Reason,after
Navia,Hotel Debord,occurs_in
Navia,Traveler,knows
Navia,Paimon,knows
Traveler,Paimon,knows
Disappearance Case,Fontaine,occurs_in
Traveler,Disappearance Case,participates_in
Paimon,Disappearance Case,participates_in
Navia,Disappearance Case,participates_in
Furina,Focal Person,plays_role
Traveler,Furina,knows
Paimon,Furina,knows
Navia,Furina,knows
Navia,Fonta,has
Paimon,Fonta,has
Traveler,Fountain of Lucine,occurs_in
Paimon,Fountain of Lucine,occurs_in
Oceanid,Fountain of Lucine,occurs_in
Traveler,Oceanid,knows
Vacher,Oceanid,knows
Navia,Clockwork Meka,opposes
Silver,Clockwork Meka,opposes
Melus,Clockwork Meka,opposes
Clorinde,Clockwork Meka,opposes
Navia,Clorinde,knows
Clorinde,Navia,knows
Clockwork Meka,Illegal,has_attribute
Primordial Sea,Fontaine,from
Paimon,Hydro Sensitivity,has_attribute
Spina di Rosula,Fontaine,member_of
Traveler,Spina di Rosula,occurs_in
Paimon,Spina di Rosula,occurs_in
Navia,Spina di Rosula,occurs_in
Callas,Spina di Rosula,member_of
Navia,Callas,knows
Callas,Jacques,knows
Jacques,Spina di Rosula,member_of
Traveler,Investigation of Callas' death,participates_in
Paimon,Investigation of Callas' death,participates_in
Navia,Investigation of Callas' death,participates_in
Navia,Melus,knows
Navia,Silver,knows
Melus,Poisson headquarters,member_of
Silver,Poisson headquarters,member_of
Clorinde,Callas,knows
Clorinde,Callas,opposes
Callas,deceased,has_attribute
Callas,Navia,knows
Neuvillette,case file archives,has
Traveler,Neuvillette,knows
Paimon,Neuvillette,knows
Navia,Neuvillette,knows
Sedene,Navia,knows
Neuvillette,official,plays_role
Palais Mermonia,Neuvillette's office,has_attribute
Vacher,witness,plays_role
Callas' death,arena,occurs_in
Jacques,deceased,has_attribute
Primordial Seawater,dissolves,has_attribute
Sinthe,drink,has_attribute
Sinthe,Primordial Seawater,from
Callas,Sinthe,opposes
Jacques,informant,plays_role
Florent,suspect,plays_role
Thierry,suspect,plays_role
Marcel,suspect,plays_role
Jacques' family,Poisson,from
Callas,Jacques,knows
Thierry,Gardemeks,knows
Traveler,Marcel,knows
Traveler,Investigation,participates_in
Paimon,Investigation,participates_in
Tartaglia,Suspect,plays_role
Marcel,Suspect,plays_role
Navia,Evidence,knows
Traveler,Marcel,knows
Sinthe production facility,Underwater,occurs_in
Traveler,Infiltration,participates_in
Paimon,Infiltration,participates_in
Tartaglia,Clorinde,opposes
Navia,Marcel,accuses
Neuvillette,Case details,knows
Furina,Judge,plays_role
Clorinde,Witness,plays_role
Traveler,Evidence,has
Vacher,Experimenter,plays_role
Vigneire,Notebook,has_attribute
Marcel,Vacher,knows
Neuvillette,Oratrice Mecanique d'Analyse Cardinale,has
Oratrice Mecanique d'Analyse Cardinale,Verdict,has_attribute
Tartaglia,Electro Delusion,has
Tartaglia,Foul Legacy Transformation,has
Neuvillette,Hydro power,has
Neuvillette,Tartaglia,opposes
Neuvillette,Childe,knows
Neuvillette,investigator,plays_role
Traveler,Marcel,knows
Traveler,Vacher,knows
Marcel,Vacher,knows
Marcel,Traveler,knows
Neuvillette,Marcel,knows
Neuvillette,Traveler,knows
Marcel,Vigneire,knows
Oceanid,collective consciousness,has_attribute
Vigneire,Oceanid,member_of
Oceanid,Marcel,knows
Oceanid,Marcel,opposes
Traveler,Paimon,knows
Traveler,Navia,knows
Paimon,Navia,knows
Navia,Clorinde,knows
Navia,Traveler,knows
Neuvillette,Clorinde,knows
Neuvillette,Callas,knows
Traveler,Neuvillette,knows
Paimon,Neuvillette,knows
Neuvillette,Furina,knows
Neuvillette,Oratrice,knows
Traveler,To the Stars Shining in the Depths,participates_in
Paimon,To the Stars Shining in the Depths,participates_in
To the Stars Shining in the Depths,Childe's apprehension,includes
To the Stars Shining in the Depths,Childe's disappearance,includes
Neuvillette,Traveler,knows
Neuvillette,Paimon,knows
Neuvillette,Furina,knows
Neuvillette,Childe,knows
Neuvillette,Knave,knows
Furina,Neuvillette,knows
Furina,Childe,knows
Furina,Knave,knows
Childe,House of the Hearth,member_of
Knave,House of the Hearth,member_of
Childe's apprehension,Fortress of Meropide,occurs_in
Childe,detained,has_attribute
Fortress of Meropide,outside court's jurisdiction,has_attribute
Traveler,Fruity Trio,has
Paimon,Fruity Trio,has
Traveler,prison investigation,participates_in
Paimon,prison investigation,participates_in
Charlotte,Traveler,knows
Charlotte,Paimon,knows
Wriothesley,Duke,has_attribute
Traveler,Wriothesley,knows
Paimon,Wriothesley,knows
Deakin,Fortress of Meropide,member_of
Gardemeks,Fortress of Meropide,member_of
Wriothesley,Fortress of Meropide,member_of
Lyney,Fortress of Meropide,member_of
Sigewinne,Fortress of Meropide,member_of
Lyney,Traveler,knows
Lyney,Paimon,knows
Lynette,Traveler,knows
Lynette,Paimon,knows
Lyney,prison investigation,participates_in
Lynette,prison investigation,participates_in
Furina,Hydro Gnosis,opposes
Vidoc,Fortress of Meropide,member_of
Traveler,Flashback,has
Flashback,Childe's time in prison,has_attribute
Traveler,Dream,knows
Dream,about Childe,has_attribute
Traveler,Paimon,knows
Traveler,Exploring prison facilities,participates_in
Paimon,Exploring prison facilities,participates_in
Working for three days,results in being served mystery meat,has_attribute
Betting on two fighters,not allowed,has_attribute
Traveler,Rules,knows
Traveler,Vidoc,knows
Paimon,Vidoc,knows
Vidoc,Hidden rules,knows
Pipes,Rumors of cannibals,has_attribute
Cannibals,Turning victims into other forms,has_attribute
Traveler,Investigating hidden rules,participates_in
Paimon,Investigating hidden rules,participates_in
Vidoc,Missing,has_attribute
Traveler,Fielding,knows
Fielding,Rumors of strange sounds,knows
Strange sounds,Pipe-cleaning days,occurs_in
Pipe-cleaning days,Every month,occurs_in
Traveler,Vision of Childe,has
Childe,Escaping through pipes,participates_in
Traveler,Three people,knows
Three people,Hidden rules,knows
Hidden rules,Farce to protect Childe,has_attribute
Three people,Childe,knows
Childe,Heard a voice,has_attribute
Entrance to pipes,Flooded,has_attribute
Traveler,Lyney,knows
Lyney,Freminet,knows
Paimon,Childe's behavior,knows
To the Stars Shining in the Depths,3 Achievements,includes
Traveler,Cataclysm's Quickening,participates_in
Paimon,Cataclysm's Quickening,participates_in
Cataclysm's Quickening,Lyney's Card,includes
Traveler,Lyney's Card,has
Paimon,Lyney's Card,has
Traveler,Lyney,knows
Paimon,Lyney,knows
Traveler,Laverune,knows
Paimon,Laverune,knows
Traveler,Cuistot,knows
Paimon,Cuistot,knows
Laverune,Bombshell Bros,member_of
Cuistot,Bombshell Bros,member_of
Lyney,Childe,knows
Lyney,Father,knows
Childe,Fontaine,from
Freminet,Lyney's Family,member_of
Lynette,Lyney's Family,member_of
Traveler,Infirmary Infiltration,participates_in
Lyney,Infirmary Infiltration,participates_in
Traveler,Sigewinne,knows
Traveler,Jurieu,knows
Traveler,Lourvine,knows
Traveler,Lynette,knows
Lynette,Infirmary Infiltration,participates_in
Lyney,Wriothesley,knows
Wriothesley,Lyney,knows
Wriothesley,Lynette,knows
Wriothesley,Freminet,knows
Traveler,Wriothesley,knows
Wriothesley,Neuvillette,knows
Sigewinne,Cooking Skills,has_attribute
Sigewinne,Melusine,from
Wriothesley,Clorinde,knows
Clorinde,Wriothesley,knows
Freminet,Consumed Primordial Seawater,has_attribute
Clorinde,Freminet,knows
Sigewinne,Freminet,knows
Lynette,Traveler,knows
Traveler,Lynette,knows
Lyney,Traveler,knows
Traveler,Lyney,knows
Clorinde,Lyney,knows
Lyney,Clorinde,knows
Wriothesley,Lyney,knows
Lyney,Wriothesley,knows
Wriothesley,Traveler,knows
Traveler,Wriothesley,knows
Wriothesley,Paimon,knows
Paimon,Wriothesley,knows
Wriothesley,Clorinde,knows
Clorinde,Wriothesley,knows
Neuvillette,Wriothesley,knows
Wriothesley,Neuvillette,knows
Neuvillette,Traveler,knows
Traveler,Neuvillette,knows
Furina,Neuvillette,knows
Neuvillette,Furina,knows
Furina,Traveler,knows
Traveler,Furina,knows
Sigewinne,Clorinde,knows
Clorinde,Sigewinne,knows
Forbidden Zone,Fontaine,occurs_in
Opera Epiclese,Fontaine,occurs_in
Lyney,Investigation,participates_in
Lynette,Investigation,participates_in
Traveler,Investigation,participates_in
Paimon,Investigation,participates_in
Wriothesley,Investigation,participates_in
Clorinde,Investigation,participates_in
Neuvillette,Investigation,participates_in
Arlecchino,Traveler,knows
Arlecchino,Childe,knows
Arlecchino,Furina,knows
Arlecchino,Neuvillette,knows
Traveler,Arlecchino,knows
Traveler,Furina,knows
Traveler,Neuvillette,knows
Traveler,Paimon,knows
Traveler,Freminet,knows
Traveler,Wriothesley,knows
Paimon,Arlecchino,knows
Paimon,Traveler,knows
Paimon,Neuvillette,knows
Neuvillette,Traveler,knows
Neuvillette,Furina,knows
Neuvillette,Paimon,knows
Furina,Arlecchino,knows
Furina,Neuvillette,knows
Furina,Traveler,knows
Childe,Arlecchino,knows
Freminet,Traveler,knows
Wriothesley,Traveler,knows
Arlecchino,concern,has_attribute
Furina,fear,has_attribute
Neuvillette,Hydro Archon,has_attribute
Tea Party,Opera House,occurs_in
Arlecchino,Tea Party,participates_in
Traveler,Tea Party,participates_in
Furina,Hydro Archon,plays_role
Neuvillette,Hydro Archon,plays_role
Childe,Fatui,from
Arlecchino,Fatui,from
Traveler,Masquerade of the Guilty,participates_in
Paimon,Masquerade of the Guilty,participates_in
Masquerade of the Guilty,Fortress of Meropide,occurs_in
Traveler,Paimon,knows
Traveler,Monglane,knows
Traveler,Wriothesley,knows
Traveler,Neuvillette,knows
Wriothesley,Neuvillette,knows
Neuvillette,seal,has
Masquerade of the Guilty,Palais Mermonia,occurs_in
Traveler,Sedenes,knows
Traveler,Childe,knows
Childe,Vision,has
Masquerade of the Guilty,Poisson,occurs_in
Masquerade of the Guilty,Primordial Sea,occurs_in
Spina di Rosula,Navia,member_of
Traveler,Navia,knows
Navia,Melus,knows
Navia,Silver,knows
Traveler,Arlecchino,knows
Arlecchino,Fatui,member_of
House of the Hearth,ancient ruins,occurs_in
ancient ruins,Poisson,occurs_in
Navia,Callas,knows
Neuvillette,rescuer,plays_role
Joinville,prosecutor,plays_role
Opera Epiclese,Poisson,occurs_in
Traveler,Investigation of Fontaine's Prophecy,participates_in
Paimon,Investigation of Fontaine's Prophecy,participates_in
Fontaine,destruction prophecy,has_attribute
Egeria,Previous Hydro Archon,plays_role
Egeria,Second Slate Image,occurs_in
Furina,Third Slate Image,occurs_in
Furina,Fourth Slate Image,occurs_in
Neuvillette,Furina,knows
Neuvillette,Furina,opposes
Navia,Organization,member_of
Traveler,Fleuve Cendre,occurs_in
Paimon,Fleuve Cendre,occurs_in
Tetreaux,Traveler,knows
Tetreaux,Paimon,knows
Mona,Mondstadt,from
Mona,Astromancer Barbeloth Trismegistus,knows
Mona,Hexenzirkel,member_of
Steambird,Mona,knows
Neuvillette,Victims List,has
Furina,Egeria,knows
Traveler,Neuvillette,knows
Navia,Traveler,knows
Lyney,Traveler,knows
Lynette,Traveler,knows
Freminet,Traveler,knows
Clorinde,Traveler,knows
Meeting,Poisson,occurs_in
"Mage ""N""",Traveler,knows
Mona,Charlotte,knows
Paimon,Hotel Debord,occurs_in
Sedene,Hotel Debord,occurs_in
Charlotte,Paimon,knows
Isadora,Traveler,knows
Riot,Opera Epiclese,occurs_in
Furina,Opera Epiclese,occurs_in
Marechaussee Phantom,Opera Epiclese,occurs_in
Furina,Poisson,occurs_in
Traveler,Furina,knows
Traveler,Death Sentence of Furina,participates_in
Furina,Opera,plays_role
Neuvillette,Hydro Dragon,has_attribute
Neuvillette,All-Devouring Narwhal,opposes
Traveler,All-Devouring Narwhal,opposes
Skirk,Surtalogi,knows
Skirk,Childe's master,plays_role
Rhinedottir,Albedo's creator,plays_role
Focalors,Heavenly Principles,opposes
Focalors,Oceanid,from
Furina,Cursed,has_attribute
Neuvillette,Hydro Gnosis,has
Fatui,Snezhnaya,member_of
Clorinde,Furina,opposes
Charlotte,Steambird,from
Childe,Fatui,member_of
Childe,Snezhnaya,from
Arlecchino,Harbinger,plays_role
Arlecchino,Fatui,member_of
Tsaritsa,Fatui,member_of
Childe,Vision,has
Neuvillette,Skirk,knows
Hydro Gnosis,Descender,from
Furina,Hydro Archon,plays_role
Neuvillette,Hydro Archon,plays_role
Neuvillette,Skirk,knows
Skirk,Tartaglia,knows
Tartaglia,relaying information,plays_role
Neuvillette,reasoning,has
Neuvillette,Traveler,knows
Traveler,Fourth Descender,has_attribute
Traveler,Paimon,knows
Traveler,Childe,knows
Childe,Gnoses,knows
Neuvillette,gods,knows
Natlan,land of endless war,has_attribute
Natlan,nation where humans and dragons coexist,has_attribute
Il Capitano,war in Natlan,participates_in
Neuvillette,Il Capitano,knows
The Knave,intel,has
Traveler,Bedtime Story,participates_in
Paimon,Bedtime Story,participates_in
Bedtime Story,Missing Person Investigation,includes
Katheryne,Vimara Village,from
Traveler,Katheryne,knows
Paimon,Katheryne,knows
Bahram,Vimara Village,from
Amadhiah,Vimara Village,from
Atossa,Vimara Village,from
Pyro Abyss Mage,Traveler,opposes
Abyss Order,Traveler,opposes
Hilichurls,Vimara Village,from
Dainsleif,Abyss Order,opposes
Vedrfolnir,Visionary,plays_role
Vedrfolnir,Five Sinners of Khaenri'ah,member_of
Rhinedottir,Five Sinners of Khaenri'ah,member_of
Surtalogi,Five Sinners of Khaenri'ah,member_of
Rerir,Five Sinners of Khaenri'ah,member_of
Hroptatyr,Five Sinners of Khaenri'ah,member_of
Five Sinners of Khaenri'ah,Vinster King,opposes
Dainsleif,Loom of Fate,participates_in
Traveler's Sibling,Golden Sword,has
Traveler's Sibling,Dainsleif,opposes
Traveler,Investigating Caribert's Commission,participates_in
Traveler,Atossa,knows
Traveler,Caribert,knows
Caribert,Atossa,knows
Caribert,Traveler,knows
Traveler,Loom of Fate,knows
Caribert,Loom of Fate,knows
Loom of Fate,creates Ley Lines,has_attribute
Loom of Fate,creates and implants memories,has_attribute
Caribert,Vimara Village events,participates_in
Traveler,Dainsleif,knows
Caribert,Loom of Fate's eye,has
Traveler,Traveler's sibling,knows
Traveler's sibling,Divine,opposes
Heavenly Principles,awakens,has_attribute
Paimon,Traveler,knows
Dainsleif,Traveler,knows
Villagers,Caribert,knows
Traveler,Paimon,knows
Atossa,Caribert,knows
Traveler,Flowers Resplendent on the Sun-Scorched Sojourn,participates_in
Paimon,Flowers Resplendent on the Sun-Scorched Sojourn,participates_in
Flowers Resplendent on the Sun-Scorched Sojourn,Natlan,occurs_in
Flowers Resplendent on the Sun-Scorched Sojourn,A New Star Approaches,includes
Traveler,Paimon,knows
Traveler,Charlotte,knows
Traveler,Navia,knows
Traveler,Clorinde,knows
Traveler,Furina,knows
Traveler,Kachina,knows
Traveler,Ayo,knows
Traveler,Pacal,knows
Traveler,Pyro Archon,knows
Traveler,Toto,knows
Traveler,K'uhul Ajaw,knows
Traveler,Kinich,knows
Traveler,Mualani,knows
Paimon,Kachina,knows
Paimon,Ayo,knows
Paimon,Pacal,knows
Paimon,Pyro Archon,knows
Paimon,Toto,knows
Paimon,K'uhul Ajaw,knows
Paimon,Kinich,knows
Paimon,Mualani,knows
Kachina,Children of Echoes,member_of
Pacal,Children of Echoes,member_of
Ayo,Tepetlisaurus,member_of
Kachina,Pilgrimage,participates_in
Traveler,Handbook,has
Flowers Resplendent on the Sun-Scorched Sojourn,Romaritime Harbor,occurs_in
Wayob,Natlan,occurs_in
Pilgrimage,Natlan,occurs_in
Paimon,Pilgrimage,participates_in
Kachina,Pilgrimage,participates_in
Kinich,Scions of the Canopy,member_of
Scions of the Canopy,Natlan,from
Mualani,People of the Springs,from
People of the Springs,Natlan,from
Masters of the Night-Wind,Natlan,from
Flower-Feather Clan,Natlan,from
Collective of Plenty,Natlan,from
Traveler,Pilgrimage,participates_in
Contending Fire,fuel for Sacred Flame,has_attribute
Sacred Flame,Abyss,opposes
Abyss,Natlan,from
Ancient Names,Abyss,opposes
Ode of Resurrection,works on Ancient Names,has_attribute
Pilgrimage,instill teamwork,has_attribute
Traveler,Paimon,knows
Mualani,Night Warden Wars,participates_in
Traveler,Mualani,knows
Kachina,Pilgrimage,participates_in
Contending Sparks,collected in Pilgrimage,has_attribute
Tepexpan,Pilgrimage,participates_in
Tamuin,Pilgrimage,participates_in
Nkunga,Pilgrimage,participates_in
Kachina,Nkunga,opposes
Liliuo,Pilgrimage,participates_in
Kachina,Liliuo,opposes
Mualani,Pilgrimage,participates_in
Kachina,Mualani,opposes
Kachina,Night Warden Wars,participates_in
Chasca,Night Warden Wars,participates_in
Iansan,Night Warden Wars,participates_in
Kaiulani,Night Warden Wars,participates_in
Kibangu,Night Warden Wars,participates_in
Kinich,Mualani,knows
Atea,Mualani,knows
Amina,Natlan,from
Traveler,Flowers Resplendent on the Sun-Scorched Sojourn,participates_in
Atea,Abandoned Hot Spring,occurs_in
Mualani,Traveler,knows
Mualani,Paimon,knows
Traveler,Village setup,participates_in
Atea,Night Patrol,participates_in
Traveler,Inn,occurs_in
Paimon,Inn,occurs_in
Abyss,Village,opposes
Rifthound Whelps,Abyss,member_of
Abyssal Saurians,Abyss,member_of
Mualani,Amina,knows
Pylon,Village area,occurs_in
Traveler,Pylon,opposes
Mualani,Pylon,opposes
Atea,Pylon,opposes
Atea,Injured,has_attribute
Traveler,Purification powers,has
Atea,Abyssal contamination,has_attribute
Atea,Abandoned Hot Spring,occurs_in
Party,Next day,occurs_in
Atea,Near death,has_attribute
Mualani,Tribe,member_of
Atea,Talisman,has
Traveler,Talisman,has
Flowers Resplendent on the Sun-Scorched Sojourn,3 Achievements,includes
Quick Start,feature,has_attribute
Quick Start,Version 2.6,occurs_in
Quick Start,allows players to skip certain prerequisite Quests,has_attribute
Player,Quest,participates_in
Quick Start,available for a limited time,has_attribute
Quick Start,available for certain Quests released during or after Version 5.0,has_attribute
Quick Start,many Events before Version 4.0,occurs_in
Quick Start,may impact player's experience,has_attribute
Story and dialogue,do not change based on whether the player has completed the recommended prerequisite quests,has_attribute
Event story,may be incongruous with player's progression outside of the event,has_attribute
Event story,may have spoilers for the quests they have not yet completed,has_attribute
Quick Start,cannot skip all quest requirements,has_attribute
Graven Innocence,allowed players to participate without completing The Trail of the God of Wisdom,has_attribute
Graven Innocence,required players to have completed Prologue: Act I - The Outlander Who Caught the Wind,has_attribute
Prologue: Act I - The Outlander Who Caught the Wind,Archon Quest,has_attribute
The Trail of the God of Wisdom in Chapter III: Act I - Through Mists of Smoke and Forests Dark,Archon Quest,has_attribute
No events released after Secret Summer Paradise in Version 3.8,utilize Quick Start,has_attribute
17 Events,with the Quick Start feature,has_attribute
4 Quests,with the Quick Start feature,has_attribute
Traveler,Rite of Descension,participates_in
Paimon,Rite of Descension,participates_in
Venti,Rex Lapis,knows
Rex Lapis,Rite of Descension,participates_in
Rite of Descension,Liyue,occurs_in
Traveler,Paimon,knows
Ningguang,Rex Lapis,knows
Millelith,Liyue,member_of
Traveler,Childe,knows
Childe,Harbingers,member_of
Childe,Signora,knows
Signora,Mondstadt,from
Traveler,Signora,knows
Northland Bank,Liyue,occurs_in
Adepti,Jueyun Karst,from
Traveler,Sigil,has
Moon Carver,Adepti,member_of
Traveler,Moon Carver,knows
Cloud Retainer,Adepti,member_of
Mountain Shaper,Adepti,member_of
Demon Conqueror,Adepti,member_of
Xiao,Demon Conqueror,plays_role
Traveler,Xiao,knows
Wangshu Inn,Liyue,occurs_in
Xiao,Wangshu Inn,from
Verr Goldet,Wangshu Inn,from
Almond Tofu,food,has_attribute
Satisfying Salad,food,has_attribute
Ruin Hunter,Wangshu Inn,occurs_in
Mt. Hulao,Liyue,occurs_in
Mountain Shaper,Mt. Hulao,from
Mt. Aocang,Liyue,occurs_in
Cloud Retainer,Mt. Aocang,from
Matsutake Meat Rolls,food,has_attribute
Jewelry Soup,food,has_attribute
Mora Meat,food,has_attribute
Abyss Order,Boreas,opposes
Abyss Order,Wolvendom,attacks
Traveler,Dainsleif,knows
Traveler,Abyss Order Conflict,participates_in
Dainsleif,Abyss Order Conflict,participates_in
Boreas,Wolvendom,from
Traveler,Boreas,knows
Herald,Abyss Order,member_of
Traveler,Herald,opposes
Field Tiller,Stormterror's Lair,occurs_in
Field Tiller,Strange Machine,has_attribute
Tyrant's Final Fury,Old Mondstadt,occurs_in
Dainsleif,Field Tiller's Eye,has
Dainsleif,Twilight Sword,plays_role
Dainsleif,Khaenri'ah,from
Sibling,Abyss Order,member_of
Traveler,Sibling,knows
Dainsleif,Sibling,knows
Traveler,Search for Truth,participates_in
Sibling,Abyss Order's Goal,participates_in
Paimon,Traveler,knows
Paimon,Search for Truth,participates_in
Black Stone Under a White Stone,Act II,plays_role
Black Stone Under a White Stone,Chapter V,occurs_in
Black Stone Under a White Stone,Flowers Resplendent on the Sun-Scorched Sojourn,after
Black Stone Under a White Stone,Kachina's Death,includes
Kachina,Night Warden Wars,participates_in
Kachina,inexperienced,has_attribute
Ode of Resurrection,reviving,has_attribute
Abyss,Teyvat,opposes
Pyro Archon,Abyss,opposes
Kinich,comission,has
Mavuika,Archon,plays_role
Mavuika,Ode of Resurrection,participates_in
Mavuika,Sacred Flame,occurs_in
Tepexpan,Tamuin,knows
Chasca,Kachina,knows
Mualani,Traveler,knows
Mualani,Mavuika,knows
Mavuika,Traveler,knows
Masters of the Night-Wind,Kachina's Ancient Name,knows
Mualani,Kachina's Rescue,participates_in
Traveler,Kachina's Rescue,participates_in
Chasca,Kachina's Rescue,participates_in
Mavuika,Contending Fire,has_attribute
Fatui,Natlan,occurs_in
Capitano,Eleven Fatui Harbingers,member_of
Capitano,Mavuika,opposes
Mavuika,Kinich,knows
Kinich,Citlali,knows
Paimon,Traveler,knows
Spiritspeaker Stone,entering Night Kingdom,has_attribute
Traveler,Ritual,participates_in
Chasca,Wayna,knows
Chasca,Ritual,participates_in
Wayna,Spiritspeaker Stone,has
Wayna,Vichama,knows
Vichama,Mallko,knows
Vichama,Ritual,participates_in
Traveler,Abyssal Energy Purification,participates_in
Chasca,Bow,has
Traveler,Finding Mallko's Memory,participates_in
Vichama,Contaminated with Abyssal Energy,has_attribute
Wayna,Chuychu,knows
Chuychu,Chasca,knows
Wayna,Citlali,knows
Kachina,Ancient Name,has_attribute
Mavuika,Capitano,opposes
Mavuika,Ritual,participates_in
Tenoch,United the tribes,has_attribute
Tenoch,Saved Natlan,has_attribute
Pyro Archon,Established rules,has_attribute
Mavuika,Paimon,knows
Kachina,Abyssal Entity,opposes
Wayob,Kachina,knows
Abyss,Affects Wayob,has_attribute
Mualani,Kachina,knows
Mavuika,Iansan,knows
Iansan,Journey to Night Kingdom,participates_in
Paimon,Journey to Night Kingdom,participates_in
Chasca,Journey to Night Kingdom,participates_in
Elemental Sovereigns,Advanced Civilization,has_attribute
Traveler,Hilichurls,opposes
Traveler,Saurian Manifestations,opposes
Chasca,Journey to Night Kingdom,participates_in
Mallko,Vichama,knows
Mallko,Abyssal Manifestation,has_attribute
Kachina,Riftwolves,opposes
Traveler,Riftwolves,opposes
Traveler,Purification of the Wayob Totem,participates_in
Paimon,Purification of the Wayob Totem,participates_in
Kachina,Purification of the Wayob Totem,participates_in
Mualani,Purification of the Wayob Totem,participates_in
Mallko,Purification of the Wayob Totem,participates_in
Purification of the Wayob Totem,Wayob,occurs_in
Comonqui,Kachina,opposes
Comonqui,Mualani,opposes
Comonqui,Abyss Lector,plays_role
Mualani,Comonqui,opposes
Kachina,Comonqui,opposes
Tupac,Mualani,knows
Mualani,Tupac,knows
Mavuika,Pyro Archon,plays_role
Mavuika,Traveler,knows
Mavuika,Iansan,knows
Mavuika,Kinich,knows
Mavuika,Xilonen,knows
Mavuika,Mualani,knows
Traveler,Mavuika,knows
Chuychu,Traveler,knows
Rezanov,Capitano,knows
Capitano,Mavuika,knows
Capitano,Rezanov,knows
Lord of the Night,slumber,has_attribute
Lord of the Night,Night Kingdom,from
Sacred Flame,Abyss,opposes
Traveler,Ororon,knows
Paimon,Ororon,knows
Ororon,Phlogiston Aphids,has
Fatui,Snezhnaya,from
Citlali,Ororon,knows
Ororon,Tribe,member_of
Traveler,Citlali,knows
Paimon,Citlali,knows
Ororon,Capitano,knows
Traveler,Capitano,knows
Capitano,Fatui,from
Ororon,Fatui,member_of
Traveler,Kosterlitzky,knows
Kosterlitzky,Fatui,member_of
Coyopa,Tribe,member_of
Childe,Fatui,member_of
Capitano,Childe,knows
Tsaritsa,Fatui,member_of
Mavuika,plan,has_attribute
Capitano,Mavuika,opposes
Capitano,plan,has_attribute
Traveler,Meeting with Ororon,participates_in
Ororon,Information about Natlan,knows
Ororon,Fatui,member_of
Citlali,Ororon,opposes
Citlali,Natlan,from
Traveler,Ororon,knows
Ororon,Incomplete soul,has_attribute
Meeting with Ororon,Stadium,occurs_in
Traveler,Meal with Citlali,participates_in
Meal with Citlali,Weary Inn,occurs_in
Citlali,Drunk,has_attribute
Traveler,Citlali's thoughts,knows
Citlali,Insecure,has_attribute
Ororon,Unique outlier,has_attribute
Abyss,Natlan,opposes
Traveler,Mavuika,knows
Mavuika,Experienced warrior,has_attribute
Traveler,Rescuing the caravan,participates_in
Capitano,Fatui,member_of
Chasca,Intelligence gathering,participates_in
Chuychu,Intelligence gathering,participates_in
Fatui,Source Mechanism,has
Mavuika,Secret Source,knows
Ororon,Citlali,knows
Traveler,Citlali,knows
Paimon,Citlali,knows
Traveler,Investigation,participates_in
Paimon,Investigation,participates_in
Citlali,Investigation,participates_in
Ororon,Fatui,opposes
Capitano,Fatui,member_of
Tarko,Fatui,member_of
Ororon,Memories,has
Capitano,Ororon,knows
Ororon,Capitano,knows
Capitano,Mavuika,opposes
Ororon,Mavuika,knows
Mavuika,Natlan,from
Capitano,Injured,has_attribute
Ororon,Saving Capitano,plays_role
Capitano,Ley Lines reconstruction,participates_in
Citlali,Ororon's past,knows
Capitano,Loom of Fate manipulation,participates_in
Traveler,The Rainbow Destined to Burn,participates_in
The Rainbow Destined to Burn,Meeting with Mavuika,includes
Meeting with Mavuika,Speaker's Chamber,occurs_in
Mavuika,Capitano's location,knows
Citlali,Ororon's memory,knows
Ororon,Dangerous plan,has_attribute
Ororon's plan,using the Gnosis,opposes
Abyss,Mavuika,opposes
Mavuika,Xilonen,knows
Mavuika,Kinich,knows
Mavuika,Fatui,opposes
Capitano,Fatui,member_of
Mavuika,Capitano,opposes
Source Mechanism,Can stop Capitano's plan,has_attribute
Kinich,Xilonen,knows
Capitano,Source Mechanism,has
Ajaw,Fatui,member_of
Kinich,Fatui,opposes
Xilonen,Traveler,knows
Traveler,Fatui,opposes
Ororon,Ancient Name,has
Ororon,Sanhaj,plays_role
Sanhaj,Masters of Night-Wind,member_of
Yohualtecuhtin,Lord of the Night,plays_role
Citlali,Yohualtecuhtin,knows
Source Mechanism,affected Ororon,has_attribute
Capitano,Source Mechanism,knows
Source Mechanism,Source of Ley Lines,has_attribute
Descender,Dragons,opposes
Dragons,Ley Lines,has
Lord of the Night,Night Kingdom,has
Seelies,Angels,from
Lord of the Night,Can rebuild Ley Lines,has_attribute
Capitano,Khaenri'ah,from
Capitano,Abyss,knows
Ororon,Xilonen,knows
Capitano,Mavuika,knows
Fatui,Abyss,opposes
Capitano,Source Mechanism,knows
Capitano,Gnosis,has
Ororon,Source Mechanism,knows
Aberewaa,Source Mechanism,knows
Bosomtwe,Source Mechanism,knows
Cuxtal,Source Mechanism,knows
Capitano,Gnosis,knows
Khaenri'ah,unsalvageable,has_attribute
Capitano,Khaenri'ah,from
Capitano,Natlan,from
Ayizu,Natlan,from
Capitano,Ayizu,knows
Capitano,Protector of Natlan,plays_role
Ayizu,Gnosis,knows
Mavuika,Gnosis,knows
Capitano,curse,has_attribute
Dainsleif,Traveler's Sibling,knows
Capitano,Dainsleif,knows
Capitano,Traveler's Sibling,knows
Capitano,Traveler,opposes
Xbalanque,Power over Death,has
Ronova,Power over Death,has
Ronova,Archons,before
Abyss,Ororon,knows
Traveler,Kachina,knows
Traveler,Mualani,knows
Citlali,Lord of the Night,knows
Xilonen,Lord of the Night,knows
Traveler,Descender,has_attribute
Mavuika,death,has_attribute
Lord of the Night,Pilgrim's Chronicle,has
Pilgrim's Chronicle,record of Traveler's deeds,has_attribute
Traveler,Pilgrimage of the Return of the Sacred Flame,participates_in
Kachina,Pilgrimage of the Return of the Sacred Flame,participates_in
Abyss,Natlan,opposes
Mavuika,Tumpi,knows
Mavuika,Abyss,opposes
Traveler,Abyss invasion defense,participates_in
Paimon,Abyss invasion defense,participates_in
Mavuika,Gnosis,has
Natlanese,Abyss,opposes
Fatui,Abyss,opposes
Kinich,rift,investigates
Abyss invasion,Natlan,occurs_in
Traveler,Sulfurous Veins defenders,assists
Chimalli,Children of Echoes,member_of
Traveler,crash site,investigates
Paimon,battle report,knows
Scions of the Canopy,Abyss,opposes
Maztl,sky-demon,knows
Sacred Flame,stadium,occurs_in
Traveler,evacuation,participates_in
Paimon,evacuation,participates_in
Kachina,Abyss,opposes
Xilonen,Abyss,opposes
Pacal,evacuation,orders
Chuychu,injured,has_attribute
Chuychu,contaminated,has_attribute
Traveler,Chuychu,purifies
Chuychu,Chasca,knows
Chasca,Chuychu,knows
Menilek,final hero,plays_role
Mavuika,Chuychu,honors
Mavuika,ritual,leads
Archon,Night Warden War,declares
Traveler,Tumor Destruction,participates_in
Mavuika,Tumor Destruction,participates_in
Abyss,Natlanese,opposes
Kinich,Abyss's Plan,knows
Mavuika,Ronova's Powers,has
Mavuika,Rift Destruction,participates_in
Natlanese,Natlan,member_of
Feast,Weary Inn,occurs_in
Mavuika,Abyss Suppression,participates_in
Mavuika,Abyss Location,knows
Capitano,Natlan Defense,participates_in
Traveler,Mavuika's Regret,knows
Mavuika,Night Kingdom Expedition,participates_in
Traveler,Night Kingdom Expedition,participates_in
Citlali,Mavuika's Fate,knows
Mavuika,Death Sentence,has_attribute
Traveler,Abyss Resistance,has_attribute
Mavuika,Traveler's Resistance,knows
Traveler,Ancient Name Bearer,plays_role
Mavuika,Ode of Resurrection,knows
Paimon,Vulnerability to Abyss,has_attribute
Capitano,Mavuika's Power Use,knows
Lord of the Night,Mavuika's Power Use,knows
Lord of the Night,Final Foe,opposes
Chasca,Traveler,knows
Chuychu,Final Words,has_attribute
Traveler,All Fires Fuel the Flame,participates_in
Paimon,Traveler,knows
Paimon,All Fires Fuel the Flame,participates_in
All Fires Fuel the Flame,Natlan,occurs_in
Iansan,Collective of Plenty,member_of
Iansan,All Fires Fuel the Flame,participates_in
Mutota,Flower-Feather Clan,member_of
Atoco,Flower-Feather Clan,member_of
Cochitta,Flower-Feather Clan,member_of
Ocotlan,Flower-Feather Clan,member_of
Atoco,post-traumatic stress disorder,has_attribute
Cochitta,post-traumatic stress disorder,has_attribute
Ocotlan,post-traumatic stress disorder,has_attribute
Gosoythoth,Flower-Feather Clan,opposes
Duarte,Atoco,knows
Izcalli,Duarte,knows
Cuallee,Cochitta,knows
Ohtli,Traveler,knows
Itotia,Traveler,knows
Munay,Ocotlan,knows
Capitano,All Fires Fuel the Flame,participates_in
Ocotlan,Abyssal Corrosion Syndrome,has_attribute
All Fires Fuel the Flame,Abyssal invasion of Natlan,includes
Capitano,Abyss,opposes
Guthred,skilled in medicine,has_attribute
Guthred,military doctor,plays_role
Guthred,second-in-command,plays_role
Capitano,Traveler,knows
Traveler,Mavuika,knows
Mavuika,Ronova's power,has
Ronova,Ruler of Death,has_attribute
Iansan,Traveler,knows
Xilonen,creating the Traveler's Ancient Name,has_attribute
Traveler,Mualani,knows
Traveler,Kinich,knows
Traveler,Ajaw,knows
Traveler,Kachina,knows
Traveler,Citlali,knows
Traveler,Ororon,knows
Chasca,Traveler,knows
Xilonen,Traveler,knows
Paimon,Xilonen,knows
Xilonen,Pilgrim's Chronicle,has
Traveler,Incandescent Ode of Resurrection,participates_in
Incandescent Ode of Resurrection,Act V,has_attribute
Incandescent Ode of Resurrection,Chapter V,member_of
Incandescent Ode of Resurrection,Archon Quests,member_of
Mavuika,Traveler,knows
Paimon,Traveler,knows
Traveler,Abyss conflict,participates_in
Capitano,Traveler,opposes
Guthred,Capitano,knows
Traveler,Mavuika,knows
Traveler,Xilonen,knows
Traveler,Citlali,knows
Mavuika,Xilonen,knows
Mavuika,Citlali,knows
Xilonen,Citlali,knows
Paimon,Mavuika,knows
Kachina,Traveler,knows
Mualani,Traveler,knows
Mavuika,feast,participates_in
Traveler,feast,participates_in
Kinich,Amina,knows
Amina,Traveler,knows
Amina,Mavuika,knows
Paimon,Atea,knows
Mualani,Kachina,knows
Iansan,feast,participates_in
Ororon,feast,participates_in
Ororon,Guthred,knows
Ororon,Capitano,knows
Mavuika,Ororon,knows
Kachina,Xilonen,knows
Traveler,Kachina,knows
Kachina,Kinich,knows
Kachina,Mualani,knows
Toto,Traveler,knows
Hanwi,Kachina,knows
Traveler,Abyssal Corrosion Syndrome Treatment,participates_in
Ayo,despondent,has_attribute
Ayo,Kachina,knows
Ayo,Hanwi,knows
Ayo,Anpao,knows
Traveler,Ayo,knows
Traveler,Kachina,knows
Traveler,Hanwi,knows
Traveler,Anpao,knows
Traveler,Paimon,knows
Traveler,Xilonen,knows
Traveler,Citlali,knows
Traveler,Mavuika,knows
Traveler,Vichama,knows
Traveler,Zumalli,knows
Traveler,Hnaska,knows
Traveler,Cetan,knows
Traveler,Atea,knows
Traveler,Mallko,knows
Traveler,Hine,knows
Xilonen,creates Ancient Name,has_attribute
Tumaini,hope,has_attribute
Sulfurous Veins,Natlan,occurs_in
Ancient Name Test,Sulfurous Veins,occurs_in
Traveler,Ancient Name Test,participates_in
Vichama,Natlan,from
Zumalli,Natlan,from
Hnaska,Natlan,from
Cetan,Natlan,from
Hnaska,Cetan,knows
Ayo,Hnaska,knows
Ayo,Cetan,knows
Mavuika,Abyss,opposes
Hine,Mavuika,knows
Atea,Mualani,knows
Mallko,Vichama,knows
Traveler,Mimesis Battle,participates_in
Vichama,Mimesis Battle,participates_in
Bona,Mimesis Battle,participates_in
Cocoui,Mimesis Battle,participates_in
Guthred,Mimesis Battle,participates_in
Mimesis Battle,Natlan,occurs_in
Guthred,Story Created by Masters of the Night-Wind,has_attribute
Chuychu,Chasca,knows
Chuychu,Iktomisaurus,has
Chuychu,Qucusaur,has
Traveler,Battle with Gosoythoth,participates_in
Mavuika,Battle with Gosoythoth,participates_in
Gosoythoth,Battle with Gosoythoth,participates_in
Battle with Gosoythoth,Teyvat,occurs_in
Gosoythoth,Sword-Wielding Dragon,has_attribute
Traveler,Pyro Power,has_attribute
Yohualtecuhtin,Lord of the Night,has_attribute
Kachina,Battle with Gosoythoth,participates_in
Mavuika,Celebration Ceremony,participates_in
Traveler,Celebration Ceremony,participates_in
Celebration Ceremony,Natlan,occurs_in
Chasca,Feathered Crown,gives
Traveler,Feathered Crown,receives
Citlali,Traveler,knows
Mavuika,Slated to Die,has_attribute
Traveler,Ochkanatlan,goes_to
Citlali,Ochkanatlan,goes_to
Ochkanatlan,Fallen City,has_attribute
Rift,Ochkanatlan,occurs_in
Ronova,Ruler of Death,has_attribute
Ronova,Teyvat,opposes
Mavuika,Abyss,opposes
Capitano,Mavuika,knows
Capitano,Modified Heart,has_attribute
Capitano,Ronova,opposes
Capitano,Xbalanque,plays_role
Yohualtecuhtin,Lord of the Night,has_attribute
Mavuika,Natlan,leads
Mavuika,Letter,writes
Hine,Letter,receives
Traveler,Crown,leaves
Sadigua,Story,tells
Traveler,Celebration in Natlan,participates_in
Paimon,Celebration in Natlan,participates_in
Celebration in Natlan,Natlan,occurs_in
Traveler,Mavuika,knows
Paimon,Mavuika,knows
Traveler,Gnosis,knows
Paimon,Gnosis,knows
Capitano,Tsaritsa,knows
Capitano,Mission to steal Pyro Gnosis,has_attribute
Tsaritsa,Capitano's mission,opposes
Mavuika,Harbingers,knows
Mavuika,Worry about Gnosis,has_attribute
Mavuika,Nod-Krai,knows
Mavuika,Snezhnaya,knows
Nod-Krai,Conflict with Snezhnaya,has_attribute
Traveler,Nod-Krai,knows
Mavuika,Dottore,knows
Dottore,Men snooping in Natlan,has_attribute
Dottore,Plans for people with elemental power,has_attribute
Dottore,Vision,opposes
Mavuika,Teyvat's false sky,knows
Dottore,Teyvat's false sky,knows
Chapter VI,Snezhnaya,occurs_in
Tsaritsa,God of Snezhnaya,plays_role
Tsaritsa,Celestia,opposes
Fatui,Snezhnaya,member_of
Fatui,Loyalty to Tsaritsa,has_attribute
Chapter ??,Archon Quest,plays_role
Chapter ??,Chapter VI,after
Chapter VI,Epilogue,plays_role
Chapter ??,Khaenri'ah,occurs_in
Khaenri'ah,fallen kingdom,has_attribute
Khaenri'ah,Teyvat,from
